[
{
  "model": "admin.logentry",
  "pk": 1,
  "fields": {
    "action_time": "2023-07-10T09:23:21.393Z",
    "user": 1,
    "content_type": 7,
    "object_id": "1",
    "object_repr": "Category object (1)",
    "action_flag": 1,
    "change_message": "[{\"added\": {}}]"
  }
},
{
  "model": "admin.logentry",
  "pk": 2,
  "fields": {
    "action_time": "2023-07-10T09:25:10.988Z",
    "user": 1,
    "content_type": 7,
    "object_id": "1",
    "object_repr": "Category object (1)",
    "action_flag": 2,
    "change_message": "[]"
  }
},
{
  "model": "admin.logentry",
  "pk": 3,
  "fields": {
    "action_time": "2023-07-10T09:40:37.715Z",
    "user": 1,
    "content_type": 8,
    "object_id": "1",
    "object_repr": "Звёздные Войны: Восстание",
    "action_flag": 1,
    "change_message": "[{\"added\": {}}]"
  }
},
{
  "model": "admin.logentry",
  "pk": 4,
  "fields": {
    "action_time": "2023-07-10T09:53:15.631Z",
    "user": 1,
    "content_type": 8,
    "object_id": "2",
    "object_repr": "Алхимики",
    "action_flag": 1,
    "change_message": "[{\"added\": {}}]"
  }
},
{
  "model": "admin.logentry",
  "pk": 5,
  "fields": {
    "action_time": "2023-07-10T09:54:54.575Z",
    "user": 1,
    "content_type": 8,
    "object_id": "3",
    "object_repr": "Венский связной",
    "action_flag": 1,
    "change_message": "[{\"added\": {}}]"
  }
},
{
  "model": "admin.logentry",
  "pk": 6,
  "fields": {
    "action_time": "2023-07-10T09:56:17.779Z",
    "user": 1,
    "content_type": 8,
    "object_id": "3",
    "object_repr": "Венский связной",
    "action_flag": 3,
    "change_message": ""
  }
},
{
  "model": "admin.logentry",
  "pk": 7,
  "fields": {
    "action_time": "2023-07-10T09:56:17.783Z",
    "user": 1,
    "content_type": 8,
    "object_id": "2",
    "object_repr": "Алхимики",
    "action_flag": 3,
    "change_message": ""
  }
},
{
  "model": "admin.logentry",
  "pk": 8,
  "fields": {
    "action_time": "2023-07-10T09:56:17.787Z",
    "user": 1,
    "content_type": 8,
    "object_id": "1",
    "object_repr": "Звёздные Войны: Восстание",
    "action_flag": 3,
    "change_message": ""
  }
},
{
  "model": "admin.logentry",
  "pk": 9,
  "fields": {
    "action_time": "2023-07-10T09:56:24.051Z",
    "user": 1,
    "content_type": 7,
    "object_id": "1",
    "object_repr": "Стратегические игры",
    "action_flag": 3,
    "change_message": ""
  }
},
{
  "model": "admin.logentry",
  "pk": 10,
  "fields": {
    "action_time": "2023-07-10T09:57:47.187Z",
    "user": 1,
    "content_type": 7,
    "object_id": "2",
    "object_repr": "SEO для бедных",
    "action_flag": 1,
    "change_message": "[{\"added\": {}}]"
  }
},
{
  "model": "admin.logentry",
  "pk": 11,
  "fields": {
    "action_time": "2023-07-10T10:52:39.598Z",
    "user": 1,
    "content_type": 7,
    "object_id": "2",
    "object_repr": "SEO для бедных",
    "action_flag": 3,
    "change_message": ""
  }
},
{
  "model": "admin.logentry",
  "pk": 12,
  "fields": {
    "action_time": "2023-07-10T10:54:04.003Z",
    "user": 1,
    "content_type": 7,
    "object_id": "3",
    "object_repr": "Стратегические игры",
    "action_flag": 1,
    "change_message": "[{\"added\": {}}]"
  }
},
{
  "model": "admin.logentry",
  "pk": 13,
  "fields": {
    "action_time": "2023-07-10T10:55:06.891Z",
    "user": 1,
    "content_type": 7,
    "object_id": "4",
    "object_repr": "Тактические игры",
    "action_flag": 1,
    "change_message": "[{\"added\": {}}]"
  }
},
{
  "model": "admin.logentry",
  "pk": 14,
  "fields": {
    "action_time": "2023-07-10T10:55:59.505Z",
    "user": 1,
    "content_type": 7,
    "object_id": "4",
    "object_repr": "Тактические игры",
    "action_flag": 2,
    "change_message": "[{\"changed\": {\"fields\": [\"\\u0418\\u0437\\u043e\\u0431\\u0440\\u0430\\u0436\\u0435\\u043d\\u0438\\u0435\"]}}]"
  }
},
{
  "model": "admin.logentry",
  "pk": 15,
  "fields": {
    "action_time": "2023-07-10T10:56:06.124Z",
    "user": 1,
    "content_type": 7,
    "object_id": "3",
    "object_repr": "Стратегические игры",
    "action_flag": 2,
    "change_message": "[{\"changed\": {\"fields\": [\"\\u0418\\u0437\\u043e\\u0431\\u0440\\u0430\\u0436\\u0435\\u043d\\u0438\\u0435\"]}}]"
  }
},
{
  "model": "admin.logentry",
  "pk": 16,
  "fields": {
    "action_time": "2023-07-10T10:57:09.155Z",
    "user": 1,
    "content_type": 7,
    "object_id": "5",
    "object_repr": "Ходилки-бродилки",
    "action_flag": 1,
    "change_message": "[{\"added\": {}}]"
  }
},
{
  "model": "admin.logentry",
  "pk": 17,
  "fields": {
    "action_time": "2023-07-10T10:57:48.260Z",
    "user": 1,
    "content_type": 7,
    "object_id": "6",
    "object_repr": "Семейные игры",
    "action_flag": 1,
    "change_message": "[{\"added\": {}}]"
  }
},
{
  "model": "admin.logentry",
  "pk": 18,
  "fields": {
    "action_time": "2023-07-10T10:58:18.740Z",
    "user": 1,
    "content_type": 7,
    "object_id": "7",
    "object_repr": "Игры для 2х игроков",
    "action_flag": 1,
    "change_message": "[{\"added\": {}}]"
  }
},
{
  "model": "admin.logentry",
  "pk": 19,
  "fields": {
    "action_time": "2023-07-10T10:58:56.243Z",
    "user": 1,
    "content_type": 7,
    "object_id": "8",
    "object_repr": "Карточные игры",
    "action_flag": 1,
    "change_message": "[{\"added\": {}}]"
  }
},
{
  "model": "admin.logentry",
  "pk": 20,
  "fields": {
    "action_time": "2023-07-10T10:59:55.139Z",
    "user": 1,
    "content_type": 7,
    "object_id": "9",
    "object_repr": "Игры для детей",
    "action_flag": 1,
    "change_message": "[{\"added\": {}}]"
  }
},
{
  "model": "admin.logentry",
  "pk": 21,
  "fields": {
    "action_time": "2023-07-10T11:00:24.413Z",
    "user": 1,
    "content_type": 7,
    "object_id": "10",
    "object_repr": "Ролевые настольные игры",
    "action_flag": 1,
    "change_message": "[{\"added\": {}}]"
  }
},
{
  "model": "admin.logentry",
  "pk": 22,
  "fields": {
    "action_time": "2023-07-10T11:02:04.378Z",
    "user": 1,
    "content_type": 7,
    "object_id": "11",
    "object_repr": "Приключенческие игры",
    "action_flag": 1,
    "change_message": "[{\"added\": {}}]"
  }
},
{
  "model": "admin.logentry",
  "pk": 23,
  "fields": {
    "action_time": "2023-07-10T11:03:05.321Z",
    "user": 1,
    "content_type": 8,
    "object_id": "4",
    "object_repr": "Венский связной",
    "action_flag": 1,
    "change_message": "[{\"added\": {}}]"
  }
},
{
  "model": "admin.logentry",
  "pk": 24,
  "fields": {
    "action_time": "2023-07-10T12:40:41.585Z",
    "user": 1,
    "content_type": 8,
    "object_id": "4",
    "object_repr": "Венский связной",
    "action_flag": 2,
    "change_message": "[{\"changed\": {\"fields\": [\"\\u0421\\u0438\\u043c\\u0432\\u043e\\u043b\\u044c\\u043d\\u044b\\u0439 \\u043a\\u043e\\u0434\"]}}]"
  }
},
{
  "model": "admin.logentry",
  "pk": 25,
  "fields": {
    "action_time": "2023-07-10T12:42:25.698Z",
    "user": 1,
    "content_type": 8,
    "object_id": "126",
    "object_repr": "Древний Ужас: Забытые Тайны",
    "action_flag": 2,
    "change_message": "[{\"changed\": {\"fields\": [\"\\u041e\\u043f\\u0438\\u0441\\u0430\\u043d\\u0438\\u0435\"]}}]"
  }
},
{
  "model": "admin.logentry",
  "pk": 26,
  "fields": {
    "action_time": "2023-07-11T16:45:50.572Z",
    "user": 1,
    "content_type": 8,
    "object_id": "9",
    "object_repr": "Зомбицид. Вторая редакция",
    "action_flag": 2,
    "change_message": "[{\"changed\": {\"fields\": [\"\\u041e\\u043f\\u0438\\u0441\\u0430\\u043d\\u0438\\u0435\", \"\\u0410\\u0434\\u0440\\u0435\\u0441 \\u0438\\u0437\\u043e\\u0431\\u0440\\u0430\\u0436\\u0435\\u043d\\u0438\\u044f\"]}}]"
  }
},
{
  "model": "admin.logentry",
  "pk": 27,
  "fields": {
    "action_time": "2023-07-11T16:48:11.418Z",
    "user": 1,
    "content_type": 8,
    "object_id": "9",
    "object_repr": "Зомбицид. Вторая редакция",
    "action_flag": 2,
    "change_message": "[]"
  }
},
{
  "model": "admin.logentry",
  "pk": 28,
  "fields": {
    "action_time": "2023-07-11T16:48:43.009Z",
    "user": 1,
    "content_type": 8,
    "object_id": "9",
    "object_repr": "Зомбицид. Вторая редакция",
    "action_flag": 2,
    "change_message": "[{\"changed\": {\"fields\": [\"\\u041a\\u043e\\u043b-\\u0432\\u043e \\u043f\\u0440\\u043e\\u0441\\u043c\\u043e\\u0442\\u0440\\u043e\\u0432\"]}}]"
  }
},
{
  "model": "admin.logentry",
  "pk": 29,
  "fields": {
    "action_time": "2023-07-12T21:17:01.505Z",
    "user": 1,
    "content_type": 8,
    "object_id": "9",
    "object_repr": "Зомбицид. Вторая редакция",
    "action_flag": 2,
    "change_message": "[{\"changed\": {\"fields\": [\"Tags\"]}}]"
  }
},
{
  "model": "admin.logentry",
  "pk": 30,
  "fields": {
    "action_time": "2023-07-12T21:39:34.120Z",
    "user": 1,
    "content_type": 9,
    "object_id": "2",
    "object_repr": "зомби",
    "action_flag": 2,
    "change_message": "[{\"changed\": {\"fields\": [\"Slug\"]}}]"
  }
},
{
  "model": "admin.logentry",
  "pk": 31,
  "fields": {
    "action_time": "2023-07-12T21:39:42.291Z",
    "user": 1,
    "content_type": 9,
    "object_id": "4",
    "object_repr": "кооператив",
    "action_flag": 2,
    "change_message": "[{\"changed\": {\"fields\": [\"Slug\"]}}]"
  }
},
{
  "model": "admin.logentry",
  "pk": 32,
  "fields": {
    "action_time": "2023-07-12T21:39:56.044Z",
    "user": 1,
    "content_type": 9,
    "object_id": "3",
    "object_repr": "мясорубка",
    "action_flag": 2,
    "change_message": "[{\"changed\": {\"fields\": [\"Slug\"]}}]"
  }
},
{
  "model": "admin.logentry",
  "pk": 33,
  "fields": {
    "action_time": "2023-07-12T21:40:04.693Z",
    "user": 1,
    "content_type": 9,
    "object_id": "1",
    "object_repr": "фэнтези",
    "action_flag": 2,
    "change_message": "[{\"changed\": {\"fields\": [\"Slug\"]}}]"
  }
},
{
  "model": "admin.logentry",
  "pk": 34,
  "fields": {
    "action_time": "2023-07-12T21:49:29.035Z",
    "user": 1,
    "content_type": 9,
    "object_id": "7",
    "object_repr": "Болезни",
    "action_flag": 1,
    "change_message": "[{\"added\": {}}]"
  }
},
{
  "model": "admin.logentry",
  "pk": 35,
  "fields": {
    "action_time": "2023-07-12T21:50:51.924Z",
    "user": 1,
    "content_type": 9,
    "object_id": "7",
    "object_repr": "Болезни",
    "action_flag": 2,
    "change_message": "[{\"changed\": {\"fields\": [\"Slug\"]}}, {\"added\": {\"name\": \"tagged item\", \"object\": \"\\u0421\\u0443\\u043c\\u0435\\u0440\\u043a\\u0438 \\u0438\\u043c\\u043f\\u0435\\u0440\\u0438\\u0438. \\u0427\\u0435\\u0442\\u0432\\u0451\\u0440\\u0442\\u043e\\u0435 \\u0438\\u0437\\u0434\\u0430\\u043d\\u0438\\u0435 tagged with \\u0411\\u043e\\u043b\\u0435\\u0437\\u043d\\u0438\"}}, {\"added\": {\"name\": \"tagged item\", \"object\": \"\\u041d\\u0435\\u0443\\u0434\\u0435\\u0440\\u0436\\u0438\\u043c\\u044b\\u0435 \\u0435\\u0434\\u0438\\u043d\\u043e\\u0440\\u043e\\u0436\\u043a\\u0438 18+ tagged with \\u0411\\u043e\\u043b\\u0435\\u0437\\u043d\\u0438\"}}, {\"added\": {\"name\": \"tagged item\", \"object\": \"\\u041f\\u0438\\u0441\\u044c\\u043c\\u0430 \\u043f\\u0440\\u0438\\u0437\\u0440\\u0430\\u043a\\u0430 tagged with \\u0411\\u043e\\u043b\\u0435\\u0437\\u043d\\u0438\"}}]"
  }
},
{
  "model": "admin.logentry",
  "pk": 36,
  "fields": {
    "action_time": "2023-07-12T21:51:44.452Z",
    "user": 1,
    "content_type": 9,
    "object_id": "7",
    "object_repr": "болезни",
    "action_flag": 2,
    "change_message": "[{\"changed\": {\"fields\": [\"Name\"]}}, {\"added\": {\"name\": \"tagged item\", \"object\": \"None tagged with \\u0431\\u043e\\u043b\\u0435\\u0437\\u043d\\u0438\"}}, {\"added\": {\"name\": \"tagged item\", \"object\": \"\\u0425\\u0430\\u043b\\u043b\\u0435\\u0440\\u0442\\u0430\\u0443 tagged with \\u0431\\u043e\\u043b\\u0435\\u0437\\u043d\\u0438\"}}, {\"added\": {\"name\": \"tagged item\", \"object\": \"\\u041d\\u0435\\u0447\\u0442\\u043e. \\u041d\\u0430\\u0441\\u0442\\u043e\\u043b\\u044c\\u043d\\u0430\\u044f \\u0438\\u0433\\u0440\\u0430: \\u041d\\u043e\\u0440\\u0432\\u0435\\u0436\\u0441\\u043a\\u0430\\u044f \\u0441\\u0442\\u0430\\u043d\\u0446\\u0438\\u044f tagged with \\u0431\\u043e\\u043b\\u0435\\u0437\\u043d\\u0438\"}}]"
  }
},
{
  "model": "admin.logentry",
  "pk": 37,
  "fields": {
    "action_time": "2023-07-13T15:45:33.644Z",
    "user": 1,
    "content_type": 4,
    "object_id": "4",
    "object_repr": "Тихон",
    "action_flag": 3,
    "change_message": ""
  }
},
{
  "model": "admin.logentry",
  "pk": 38,
  "fields": {
    "action_time": "2023-07-13T15:48:13.174Z",
    "user": 1,
    "content_type": 4,
    "object_id": "5",
    "object_repr": "Тихон",
    "action_flag": 3,
    "change_message": ""
  }
},
{
  "model": "admin.logentry",
  "pk": 39,
  "fields": {
    "action_time": "2023-07-13T15:50:31.845Z",
    "user": 1,
    "content_type": 4,
    "object_id": "6",
    "object_repr": "Тихон",
    "action_flag": 3,
    "change_message": ""
  }
},
{
  "model": "admin.logentry",
  "pk": 40,
  "fields": {
    "action_time": "2023-07-13T15:56:21.093Z",
    "user": 1,
    "content_type": 4,
    "object_id": "8",
    "object_repr": "-------",
    "action_flag": 3,
    "change_message": ""
  }
},
{
  "model": "admin.logentry",
  "pk": 41,
  "fields": {
    "action_time": "2023-07-13T15:56:21.095Z",
    "user": 1,
    "content_type": 4,
    "object_id": "7",
    "object_repr": "Тихон",
    "action_flag": 3,
    "change_message": ""
  }
},
{
  "model": "admin.logentry",
  "pk": 42,
  "fields": {
    "action_time": "2023-07-13T16:03:57.408Z",
    "user": 1,
    "content_type": 4,
    "object_id": "9",
    "object_repr": "-------",
    "action_flag": 3,
    "change_message": ""
  }
},
{
  "model": "admin.logentry",
  "pk": 43,
  "fields": {
    "action_time": "2023-07-13T16:07:25.683Z",
    "user": 1,
    "content_type": 16,
    "object_id": "1",
    "object_repr": "Тихон",
    "action_flag": 2,
    "change_message": "[{\"changed\": {\"fields\": [\"Avatar\"]}}]"
  }
},
{
  "model": "admin.logentry",
  "pk": 44,
  "fields": {
    "action_time": "2023-07-13T16:15:21.257Z",
    "user": 1,
    "content_type": 16,
    "object_id": "3",
    "object_repr": "Павел",
    "action_flag": 2,
    "change_message": "[{\"changed\": {\"fields\": [\"Avatar\"]}}]"
  }
},
{
  "model": "admin.logentry",
  "pk": 45,
  "fields": {
    "action_time": "2023-07-13T16:15:27.541Z",
    "user": 1,
    "content_type": 16,
    "object_id": "2",
    "object_repr": "Никита",
    "action_flag": 2,
    "change_message": "[{\"changed\": {\"fields\": [\"Avatar\"]}}]"
  }
},
{
  "model": "admin.logentry",
  "pk": 46,
  "fields": {
    "action_time": "2023-07-14T08:59:24.059Z",
    "user": 1,
    "content_type": 17,
    "object_id": "1",
    "object_repr": "Сумерки имерии. 4-е издание",
    "action_flag": 1,
    "change_message": "[{\"added\": {}}]"
  }
},
{
  "model": "admin.logentry",
  "pk": 47,
  "fields": {
    "action_time": "2023-07-14T09:30:20.312Z",
    "user": 1,
    "content_type": 17,
    "object_id": "1",
    "object_repr": "Сумерки имерии. 4-е издание",
    "action_flag": 2,
    "change_message": "[{\"changed\": {\"fields\": [\"\\u0413\\u043b\\u0430\\u0432\\u043d\\u043e\\u0435 \\u0438\\u0437\\u043e\\u0431\\u0440\\u0430\\u0436\\u0435\\u043d\\u0438\\u0435\", \"\\u0418\\u0437\\u043e\\u0431\\u0440\\u0430\\u0436\\u0435\\u043d\\u0438\\u0435 1\"]}}]"
  }
},
{
  "model": "admin.logentry",
  "pk": 48,
  "fields": {
    "action_time": "2023-07-14T14:17:23.037Z",
    "user": 1,
    "content_type": 17,
    "object_id": "2",
    "object_repr": "Агрикола: стратегия для всей семьи",
    "action_flag": 3,
    "change_message": ""
  }
},
{
  "model": "admin.logentry",
  "pk": 49,
  "fields": {
    "action_time": "2023-07-14T14:20:21.885Z",
    "user": 1,
    "content_type": 17,
    "object_id": "4",
    "object_repr": "Агрикола",
    "action_flag": 2,
    "change_message": "[{\"changed\": {\"fields\": [\"\\u0421\\u0438\\u043c\\u0432\\u043e\\u043b\\u044c\\u043d\\u044b\\u0439 \\u043a\\u043e\\u0434\", \"Tags\", \"\\u0410\\u0432\\u0442\\u043e\\u0440\"]}}]"
  }
},
{
  "model": "admin.logentry",
  "pk": 50,
  "fields": {
    "action_time": "2023-07-14T14:21:16.729Z",
    "user": 1,
    "content_type": 17,
    "object_id": "4",
    "object_repr": "Агрикола",
    "action_flag": 3,
    "change_message": ""
  }
},
{
  "model": "admin.logentry",
  "pk": 51,
  "fields": {
    "action_time": "2023-07-14T14:26:15.157Z",
    "user": 1,
    "content_type": 17,
    "object_id": "5",
    "object_repr": "Агрикола",
    "action_flag": 3,
    "change_message": ""
  }
},
{
  "model": "admin.logentry",
  "pk": 52,
  "fields": {
    "action_time": "2023-07-14T14:27:56.797Z",
    "user": 1,
    "content_type": 17,
    "object_id": "6",
    "object_repr": "Агрикола",
    "action_flag": 1,
    "change_message": "[{\"added\": {}}]"
  }
},
{
  "model": "admin.logentry",
  "pk": 53,
  "fields": {
    "action_time": "2023-07-14T14:28:57.162Z",
    "user": 1,
    "content_type": 17,
    "object_id": "6",
    "object_repr": "Агрикола",
    "action_flag": 2,
    "change_message": "[{\"changed\": {\"fields\": [\"\\u0421\\u0438\\u043c\\u0432\\u043e\\u043b\\u044c\\u043d\\u044b\\u0439 \\u043a\\u043e\\u0434\"]}}]"
  }
},
{
  "model": "admin.logentry",
  "pk": 54,
  "fields": {
    "action_time": "2023-07-14T14:29:37.853Z",
    "user": 1,
    "content_type": 17,
    "object_id": "6",
    "object_repr": "Агрикола",
    "action_flag": 2,
    "change_message": "[{\"changed\": {\"fields\": [\"\\u0413\\u043b\\u0430\\u0432\\u043d\\u043e\\u0435 \\u0438\\u0437\\u043e\\u0431\\u0440\\u0430\\u0436\\u0435\\u043d\\u0438\\u0435\", \"\\u0418\\u0437\\u043e\\u0431\\u0440\\u0430\\u0436\\u0435\\u043d\\u0438\\u0435 1\", \"\\u0418\\u0437\\u043e\\u0431\\u0440\\u0430\\u0436\\u0435\\u043d\\u0438\\u0435 2\", \"\\u0418\\u0437\\u043e\\u0431\\u0440\\u0430\\u0436\\u0435\\u043d\\u0438\\u0435 3\"]}}]"
  }
},
{
  "model": "admin.logentry",
  "pk": 55,
  "fields": {
    "action_time": "2023-07-14T15:12:03.234Z",
    "user": 1,
    "content_type": 9,
    "object_id": "27",
    "object_repr": "нестандартные игры для компании",
    "action_flag": 1,
    "change_message": "[{\"added\": {}}, {\"added\": {\"name\": \"tagged item\", \"object\": \"None tagged with \\u043d\\u0435\\u0441\\u0442\\u0430\\u043d\\u0434\\u0430\\u0440\\u0442\\u043d\\u044b\\u0435 \\u0438\\u0433\\u0440\\u044b \\u0434\\u043b\\u044f \\u043a\\u043e\\u043c\\u043f\\u0430\\u043d\\u0438\\u0438\"}}]"
  }
},
{
  "model": "admin.logentry",
  "pk": 56,
  "fields": {
    "action_time": "2023-07-14T15:12:32.010Z",
    "user": 1,
    "content_type": 9,
    "object_id": "27",
    "object_repr": "нестандартные игры для компании",
    "action_flag": 3,
    "change_message": ""
  }
},
{
  "model": "admin.logentry",
  "pk": 57,
  "fields": {
    "action_time": "2023-07-15T09:56:01.998Z",
    "user": 1,
    "content_type": 17,
    "object_id": "9",
    "object_repr": "Сквозь века",
    "action_flag": 2,
    "change_message": "[{\"changed\": {\"fields\": [\"Tags\", \"\\u0410\\u0432\\u0442\\u043e\\u0440\"]}}]"
  }
},
{
  "model": "admin.logentry",
  "pk": 58,
  "fields": {
    "action_time": "2023-07-15T11:05:22.832Z",
    "user": 1,
    "content_type": 19,
    "object_id": "1",
    "object_repr": "green-wizard.ru",
    "action_flag": 2,
    "change_message": "[{\"changed\": {\"fields\": [\"Domain name\", \"Display name\"]}}]"
  }
},
{
  "model": "admin.logentry",
  "pk": 59,
  "fields": {
    "action_time": "2023-07-15T11:09:36.829Z",
    "user": 1,
    "content_type": 17,
    "object_id": "1",
    "object_repr": "Сумерки имерии. 4-е издание",
    "action_flag": 2,
    "change_message": "[{\"changed\": {\"fields\": [\"\\u0421\\u0438\\u043c\\u0432\\u043e\\u043b\\u044c\\u043d\\u044b\\u0439 \\u043a\\u043e\\u0434\"]}}]"
  }
},
{
  "model": "admin.logentry",
  "pk": 60,
  "fields": {
    "action_time": "2023-07-15T11:10:25.673Z",
    "user": 1,
    "content_type": 17,
    "object_id": "1",
    "object_repr": "Сумерки имерии. 4-е издание",
    "action_flag": 2,
    "change_message": "[{\"changed\": {\"fields\": [\"\\u0414\\u043e\\u0441\\u0442\\u0443\\u043f\\u043d\\u043e\\u0441\\u0442\\u044c\"]}}]"
  }
},
{
  "model": "admin.logentry",
  "pk": 61,
  "fields": {
    "action_time": "2023-07-15T11:10:45.774Z",
    "user": 1,
    "content_type": 17,
    "object_id": "1",
    "object_repr": "Сумерки имерии. 4-е издание",
    "action_flag": 2,
    "change_message": "[{\"changed\": {\"fields\": [\"\\u0414\\u043e\\u0441\\u0442\\u0443\\u043f\\u043d\\u043e\\u0441\\u0442\\u044c\"]}}]"
  }
},
{
  "model": "admin.logentry",
  "pk": 62,
  "fields": {
    "action_time": "2023-07-18T06:41:06.696Z",
    "user": 1,
    "content_type": 20,
    "object_id": "1",
    "object_repr": "Order 1",
    "action_flag": 3,
    "change_message": ""
  }
},
{
  "model": "admin.logentry",
  "pk": 63,
  "fields": {
    "action_time": "2023-07-18T20:04:46.580Z",
    "user": 1,
    "content_type": 20,
    "object_id": "16",
    "object_repr": "Order 16",
    "action_flag": 3,
    "change_message": ""
  }
},
{
  "model": "admin.logentry",
  "pk": 64,
  "fields": {
    "action_time": "2023-07-18T20:04:46.582Z",
    "user": 1,
    "content_type": 20,
    "object_id": "15",
    "object_repr": "Order 15",
    "action_flag": 3,
    "change_message": ""
  }
},
{
  "model": "admin.logentry",
  "pk": 65,
  "fields": {
    "action_time": "2023-07-18T20:04:46.583Z",
    "user": 1,
    "content_type": 20,
    "object_id": "14",
    "object_repr": "Order 14",
    "action_flag": 3,
    "change_message": ""
  }
},
{
  "model": "admin.logentry",
  "pk": 66,
  "fields": {
    "action_time": "2023-07-18T20:04:46.583Z",
    "user": 1,
    "content_type": 20,
    "object_id": "13",
    "object_repr": "Order 13",
    "action_flag": 3,
    "change_message": ""
  }
},
{
  "model": "admin.logentry",
  "pk": 67,
  "fields": {
    "action_time": "2023-07-18T20:04:46.584Z",
    "user": 1,
    "content_type": 20,
    "object_id": "12",
    "object_repr": "Order 12",
    "action_flag": 3,
    "change_message": ""
  }
},
{
  "model": "admin.logentry",
  "pk": 68,
  "fields": {
    "action_time": "2023-07-18T20:04:46.584Z",
    "user": 1,
    "content_type": 20,
    "object_id": "11",
    "object_repr": "Order 11",
    "action_flag": 3,
    "change_message": ""
  }
},
{
  "model": "admin.logentry",
  "pk": 69,
  "fields": {
    "action_time": "2023-07-18T20:04:46.585Z",
    "user": 1,
    "content_type": 20,
    "object_id": "10",
    "object_repr": "Order 10",
    "action_flag": 3,
    "change_message": ""
  }
},
{
  "model": "admin.logentry",
  "pk": 70,
  "fields": {
    "action_time": "2023-07-18T20:04:46.585Z",
    "user": 1,
    "content_type": 20,
    "object_id": "9",
    "object_repr": "Order 9",
    "action_flag": 3,
    "change_message": ""
  }
},
{
  "model": "admin.logentry",
  "pk": 71,
  "fields": {
    "action_time": "2023-07-18T20:04:46.586Z",
    "user": 1,
    "content_type": 20,
    "object_id": "8",
    "object_repr": "Order 8",
    "action_flag": 3,
    "change_message": ""
  }
},
{
  "model": "admin.logentry",
  "pk": 72,
  "fields": {
    "action_time": "2023-07-18T20:04:46.586Z",
    "user": 1,
    "content_type": 20,
    "object_id": "7",
    "object_repr": "Order 7",
    "action_flag": 3,
    "change_message": ""
  }
},
{
  "model": "admin.logentry",
  "pk": 73,
  "fields": {
    "action_time": "2023-07-18T20:04:46.587Z",
    "user": 1,
    "content_type": 20,
    "object_id": "6",
    "object_repr": "Order 6",
    "action_flag": 3,
    "change_message": ""
  }
},
{
  "model": "admin.logentry",
  "pk": 74,
  "fields": {
    "action_time": "2023-07-18T20:04:46.587Z",
    "user": 1,
    "content_type": 20,
    "object_id": "5",
    "object_repr": "Order 5",
    "action_flag": 3,
    "change_message": ""
  }
},
{
  "model": "admin.logentry",
  "pk": 75,
  "fields": {
    "action_time": "2023-07-18T20:04:46.589Z",
    "user": 1,
    "content_type": 20,
    "object_id": "4",
    "object_repr": "Order 4",
    "action_flag": 3,
    "change_message": ""
  }
},
{
  "model": "admin.logentry",
  "pk": 76,
  "fields": {
    "action_time": "2023-07-18T20:04:46.589Z",
    "user": 1,
    "content_type": 20,
    "object_id": "3",
    "object_repr": "Order 3",
    "action_flag": 3,
    "change_message": ""
  }
},
{
  "model": "auth.permission",
  "pk": 1,
  "fields": {
    "name": "Can add log entry",
    "content_type": 1,
    "codename": "add_logentry"
  }
},
{
  "model": "auth.permission",
  "pk": 2,
  "fields": {
    "name": "Can change log entry",
    "content_type": 1,
    "codename": "change_logentry"
  }
},
{
  "model": "auth.permission",
  "pk": 3,
  "fields": {
    "name": "Can delete log entry",
    "content_type": 1,
    "codename": "delete_logentry"
  }
},
{
  "model": "auth.permission",
  "pk": 4,
  "fields": {
    "name": "Can view log entry",
    "content_type": 1,
    "codename": "view_logentry"
  }
},
{
  "model": "auth.permission",
  "pk": 5,
  "fields": {
    "name": "Can add permission",
    "content_type": 2,
    "codename": "add_permission"
  }
},
{
  "model": "auth.permission",
  "pk": 6,
  "fields": {
    "name": "Can change permission",
    "content_type": 2,
    "codename": "change_permission"
  }
},
{
  "model": "auth.permission",
  "pk": 7,
  "fields": {
    "name": "Can delete permission",
    "content_type": 2,
    "codename": "delete_permission"
  }
},
{
  "model": "auth.permission",
  "pk": 8,
  "fields": {
    "name": "Can view permission",
    "content_type": 2,
    "codename": "view_permission"
  }
},
{
  "model": "auth.permission",
  "pk": 9,
  "fields": {
    "name": "Can add group",
    "content_type": 3,
    "codename": "add_group"
  }
},
{
  "model": "auth.permission",
  "pk": 10,
  "fields": {
    "name": "Can change group",
    "content_type": 3,
    "codename": "change_group"
  }
},
{
  "model": "auth.permission",
  "pk": 11,
  "fields": {
    "name": "Can delete group",
    "content_type": 3,
    "codename": "delete_group"
  }
},
{
  "model": "auth.permission",
  "pk": 12,
  "fields": {
    "name": "Can view group",
    "content_type": 3,
    "codename": "view_group"
  }
},
{
  "model": "auth.permission",
  "pk": 13,
  "fields": {
    "name": "Can add user",
    "content_type": 4,
    "codename": "add_user"
  }
},
{
  "model": "auth.permission",
  "pk": 14,
  "fields": {
    "name": "Can change user",
    "content_type": 4,
    "codename": "change_user"
  }
},
{
  "model": "auth.permission",
  "pk": 15,
  "fields": {
    "name": "Can delete user",
    "content_type": 4,
    "codename": "delete_user"
  }
},
{
  "model": "auth.permission",
  "pk": 16,
  "fields": {
    "name": "Can view user",
    "content_type": 4,
    "codename": "view_user"
  }
},
{
  "model": "auth.permission",
  "pk": 17,
  "fields": {
    "name": "Can add content type",
    "content_type": 5,
    "codename": "add_contenttype"
  }
},
{
  "model": "auth.permission",
  "pk": 18,
  "fields": {
    "name": "Can change content type",
    "content_type": 5,
    "codename": "change_contenttype"
  }
},
{
  "model": "auth.permission",
  "pk": 19,
  "fields": {
    "name": "Can delete content type",
    "content_type": 5,
    "codename": "delete_contenttype"
  }
},
{
  "model": "auth.permission",
  "pk": 20,
  "fields": {
    "name": "Can view content type",
    "content_type": 5,
    "codename": "view_contenttype"
  }
},
{
  "model": "auth.permission",
  "pk": 21,
  "fields": {
    "name": "Can add session",
    "content_type": 6,
    "codename": "add_session"
  }
},
{
  "model": "auth.permission",
  "pk": 22,
  "fields": {
    "name": "Can change session",
    "content_type": 6,
    "codename": "change_session"
  }
},
{
  "model": "auth.permission",
  "pk": 23,
  "fields": {
    "name": "Can delete session",
    "content_type": 6,
    "codename": "delete_session"
  }
},
{
  "model": "auth.permission",
  "pk": 24,
  "fields": {
    "name": "Can view session",
    "content_type": 6,
    "codename": "view_session"
  }
},
{
  "model": "auth.permission",
  "pk": 25,
  "fields": {
    "name": "Can add category",
    "content_type": 7,
    "codename": "add_category"
  }
},
{
  "model": "auth.permission",
  "pk": 26,
  "fields": {
    "name": "Can change category",
    "content_type": 7,
    "codename": "change_category"
  }
},
{
  "model": "auth.permission",
  "pk": 27,
  "fields": {
    "name": "Can delete category",
    "content_type": 7,
    "codename": "delete_category"
  }
},
{
  "model": "auth.permission",
  "pk": 28,
  "fields": {
    "name": "Can view category",
    "content_type": 7,
    "codename": "view_category"
  }
},
{
  "model": "auth.permission",
  "pk": 29,
  "fields": {
    "name": "Can add Игра",
    "content_type": 8,
    "codename": "add_game"
  }
},
{
  "model": "auth.permission",
  "pk": 30,
  "fields": {
    "name": "Can change Игра",
    "content_type": 8,
    "codename": "change_game"
  }
},
{
  "model": "auth.permission",
  "pk": 31,
  "fields": {
    "name": "Can delete Игра",
    "content_type": 8,
    "codename": "delete_game"
  }
},
{
  "model": "auth.permission",
  "pk": 32,
  "fields": {
    "name": "Can view Игра",
    "content_type": 8,
    "codename": "view_game"
  }
},
{
  "model": "auth.permission",
  "pk": 33,
  "fields": {
    "name": "Can add tag",
    "content_type": 9,
    "codename": "add_tag"
  }
},
{
  "model": "auth.permission",
  "pk": 34,
  "fields": {
    "name": "Can change tag",
    "content_type": 9,
    "codename": "change_tag"
  }
},
{
  "model": "auth.permission",
  "pk": 35,
  "fields": {
    "name": "Can delete tag",
    "content_type": 9,
    "codename": "delete_tag"
  }
},
{
  "model": "auth.permission",
  "pk": 36,
  "fields": {
    "name": "Can view tag",
    "content_type": 9,
    "codename": "view_tag"
  }
},
{
  "model": "auth.permission",
  "pk": 37,
  "fields": {
    "name": "Can add tagged item",
    "content_type": 10,
    "codename": "add_taggeditem"
  }
},
{
  "model": "auth.permission",
  "pk": 38,
  "fields": {
    "name": "Can change tagged item",
    "content_type": 10,
    "codename": "change_taggeditem"
  }
},
{
  "model": "auth.permission",
  "pk": 39,
  "fields": {
    "name": "Can delete tagged item",
    "content_type": 10,
    "codename": "delete_taggeditem"
  }
},
{
  "model": "auth.permission",
  "pk": 40,
  "fields": {
    "name": "Can view tagged item",
    "content_type": 10,
    "codename": "view_taggeditem"
  }
},
{
  "model": "auth.permission",
  "pk": 41,
  "fields": {
    "name": "Can add association",
    "content_type": 11,
    "codename": "add_association"
  }
},
{
  "model": "auth.permission",
  "pk": 42,
  "fields": {
    "name": "Can change association",
    "content_type": 11,
    "codename": "change_association"
  }
},
{
  "model": "auth.permission",
  "pk": 43,
  "fields": {
    "name": "Can delete association",
    "content_type": 11,
    "codename": "delete_association"
  }
},
{
  "model": "auth.permission",
  "pk": 44,
  "fields": {
    "name": "Can view association",
    "content_type": 11,
    "codename": "view_association"
  }
},
{
  "model": "auth.permission",
  "pk": 45,
  "fields": {
    "name": "Can add code",
    "content_type": 12,
    "codename": "add_code"
  }
},
{
  "model": "auth.permission",
  "pk": 46,
  "fields": {
    "name": "Can change code",
    "content_type": 12,
    "codename": "change_code"
  }
},
{
  "model": "auth.permission",
  "pk": 47,
  "fields": {
    "name": "Can delete code",
    "content_type": 12,
    "codename": "delete_code"
  }
},
{
  "model": "auth.permission",
  "pk": 48,
  "fields": {
    "name": "Can view code",
    "content_type": 12,
    "codename": "view_code"
  }
},
{
  "model": "auth.permission",
  "pk": 49,
  "fields": {
    "name": "Can add nonce",
    "content_type": 13,
    "codename": "add_nonce"
  }
},
{
  "model": "auth.permission",
  "pk": 50,
  "fields": {
    "name": "Can change nonce",
    "content_type": 13,
    "codename": "change_nonce"
  }
},
{
  "model": "auth.permission",
  "pk": 51,
  "fields": {
    "name": "Can delete nonce",
    "content_type": 13,
    "codename": "delete_nonce"
  }
},
{
  "model": "auth.permission",
  "pk": 52,
  "fields": {
    "name": "Can view nonce",
    "content_type": 13,
    "codename": "view_nonce"
  }
},
{
  "model": "auth.permission",
  "pk": 53,
  "fields": {
    "name": "Can add user social auth",
    "content_type": 14,
    "codename": "add_usersocialauth"
  }
},
{
  "model": "auth.permission",
  "pk": 54,
  "fields": {
    "name": "Can change user social auth",
    "content_type": 14,
    "codename": "change_usersocialauth"
  }
},
{
  "model": "auth.permission",
  "pk": 55,
  "fields": {
    "name": "Can delete user social auth",
    "content_type": 14,
    "codename": "delete_usersocialauth"
  }
},
{
  "model": "auth.permission",
  "pk": 56,
  "fields": {
    "name": "Can view user social auth",
    "content_type": 14,
    "codename": "view_usersocialauth"
  }
},
{
  "model": "auth.permission",
  "pk": 57,
  "fields": {
    "name": "Can add partial",
    "content_type": 15,
    "codename": "add_partial"
  }
},
{
  "model": "auth.permission",
  "pk": 58,
  "fields": {
    "name": "Can change partial",
    "content_type": 15,
    "codename": "change_partial"
  }
},
{
  "model": "auth.permission",
  "pk": 59,
  "fields": {
    "name": "Can delete partial",
    "content_type": 15,
    "codename": "delete_partial"
  }
},
{
  "model": "auth.permission",
  "pk": 60,
  "fields": {
    "name": "Can view partial",
    "content_type": 15,
    "codename": "view_partial"
  }
},
{
  "model": "auth.permission",
  "pk": 61,
  "fields": {
    "name": "Can add Пользователь",
    "content_type": 16,
    "codename": "add_profile"
  }
},
{
  "model": "auth.permission",
  "pk": 62,
  "fields": {
    "name": "Can change Пользователь",
    "content_type": 16,
    "codename": "change_profile"
  }
},
{
  "model": "auth.permission",
  "pk": 63,
  "fields": {
    "name": "Can delete Пользователь",
    "content_type": 16,
    "codename": "delete_profile"
  }
},
{
  "model": "auth.permission",
  "pk": 64,
  "fields": {
    "name": "Can view Пользователь",
    "content_type": 16,
    "codename": "view_profile"
  }
},
{
  "model": "auth.permission",
  "pk": 65,
  "fields": {
    "name": "Can add Запись блога",
    "content_type": 17,
    "codename": "add_post"
  }
},
{
  "model": "auth.permission",
  "pk": 66,
  "fields": {
    "name": "Can change Запись блога",
    "content_type": 17,
    "codename": "change_post"
  }
},
{
  "model": "auth.permission",
  "pk": 67,
  "fields": {
    "name": "Can delete Запись блога",
    "content_type": 17,
    "codename": "delete_post"
  }
},
{
  "model": "auth.permission",
  "pk": 68,
  "fields": {
    "name": "Can view Запись блога",
    "content_type": 17,
    "codename": "view_post"
  }
},
{
  "model": "auth.permission",
  "pk": 69,
  "fields": {
    "name": "Can add Отзыв",
    "content_type": 18,
    "codename": "add_review"
  }
},
{
  "model": "auth.permission",
  "pk": 70,
  "fields": {
    "name": "Can change Отзыв",
    "content_type": 18,
    "codename": "change_review"
  }
},
{
  "model": "auth.permission",
  "pk": 71,
  "fields": {
    "name": "Can delete Отзыв",
    "content_type": 18,
    "codename": "delete_review"
  }
},
{
  "model": "auth.permission",
  "pk": 72,
  "fields": {
    "name": "Can view Отзыв",
    "content_type": 18,
    "codename": "view_review"
  }
},
{
  "model": "auth.permission",
  "pk": 73,
  "fields": {
    "name": "Can add site",
    "content_type": 19,
    "codename": "add_site"
  }
},
{
  "model": "auth.permission",
  "pk": 74,
  "fields": {
    "name": "Can change site",
    "content_type": 19,
    "codename": "change_site"
  }
},
{
  "model": "auth.permission",
  "pk": 75,
  "fields": {
    "name": "Can delete site",
    "content_type": 19,
    "codename": "delete_site"
  }
},
{
  "model": "auth.permission",
  "pk": 76,
  "fields": {
    "name": "Can view site",
    "content_type": 19,
    "codename": "view_site"
  }
},
{
  "model": "auth.permission",
  "pk": 77,
  "fields": {
    "name": "Can add order",
    "content_type": 20,
    "codename": "add_order"
  }
},
{
  "model": "auth.permission",
  "pk": 78,
  "fields": {
    "name": "Can change order",
    "content_type": 20,
    "codename": "change_order"
  }
},
{
  "model": "auth.permission",
  "pk": 79,
  "fields": {
    "name": "Can delete order",
    "content_type": 20,
    "codename": "delete_order"
  }
},
{
  "model": "auth.permission",
  "pk": 80,
  "fields": {
    "name": "Can view order",
    "content_type": 20,
    "codename": "view_order"
  }
},
{
  "model": "auth.permission",
  "pk": 81,
  "fields": {
    "name": "Can add order item",
    "content_type": 21,
    "codename": "add_orderitem"
  }
},
{
  "model": "auth.permission",
  "pk": 82,
  "fields": {
    "name": "Can change order item",
    "content_type": 21,
    "codename": "change_orderitem"
  }
},
{
  "model": "auth.permission",
  "pk": 83,
  "fields": {
    "name": "Can delete order item",
    "content_type": 21,
    "codename": "delete_orderitem"
  }
},
{
  "model": "auth.permission",
  "pk": 84,
  "fields": {
    "name": "Can view order item",
    "content_type": 21,
    "codename": "view_orderitem"
  }
},
{
  "model": "auth.user",
  "pk": 1,
  "fields": {
    "password": "pbkdf2_sha256$600000$qJgfyF45OgTp4Hr6ADH7qM$UG/hc+LFqV5b8MOPtuU2yr9ltCGplQ6fbxEg5DjhfZg=",
    "last_login": "2023-07-20T09:52:33.673Z",
    "is_superuser": true,
    "username": "admin",
    "first_name": "",
    "last_name": "",
    "email": "django@master.com",
    "is_staff": true,
    "is_active": true,
    "date_joined": "2023-07-09T20:40:03.392Z",
    "groups": [],
    "user_permissions": []
  }
},
{
  "model": "auth.user",
  "pk": 2,
  "fields": {
    "password": "!xhEzc85JxUmjPq1p0T25eMpmVTmCYv4rVO9eolRz",
    "last_login": "2023-07-20T08:47:45.751Z",
    "is_superuser": false,
    "username": "madmanRE",
    "first_name": "Roman",
    "last_name": "",
    "email": "",
    "is_staff": false,
    "is_active": true,
    "date_joined": "2023-07-13T11:39:55.203Z",
    "groups": [],
    "user_permissions": []
  }
},
{
  "model": "auth.user",
  "pk": 3,
  "fields": {
    "password": "!yOclly4DGNRljhLMs7T8oLIqUXr763JsLKsoO0pA",
    "last_login": "2023-07-20T08:46:19.307Z",
    "is_superuser": false,
    "username": "r_link",
    "first_name": "Роман",
    "last_name": "Гварамадзе",
    "email": "",
    "is_staff": false,
    "is_active": true,
    "date_joined": "2023-07-13T14:16:00.063Z",
    "groups": [],
    "user_permissions": []
  }
},
{
  "model": "auth.user",
  "pk": 10,
  "fields": {
    "password": "pbkdf2_sha256$600000$ajahHcss7kLyPXF0uN2nC2$S0QyxqWwJpZz5NBKewUM3ATA0NyhgL0v0PdbYDs0f/s=",
    "last_login": "2023-07-20T08:49:48.337Z",
    "is_superuser": false,
    "username": "Тихон",
    "first_name": "",
    "last_name": "",
    "email": "",
    "is_staff": false,
    "is_active": true,
    "date_joined": "2023-07-13T16:04:19.048Z",
    "groups": [],
    "user_permissions": []
  }
},
{
  "model": "auth.user",
  "pk": 11,
  "fields": {
    "password": "pbkdf2_sha256$600000$hSKmK6ALN9LrCKtdsxFIfV$axytQ4bQE8HqifceEAP78jlfQNedLb1Sr58B/p1olqs=",
    "last_login": "2023-07-22T10:30:19.824Z",
    "is_superuser": false,
    "username": "Никита",
    "first_name": "",
    "last_name": "",
    "email": "",
    "is_staff": false,
    "is_active": true,
    "date_joined": "2023-07-13T16:08:19.033Z",
    "groups": [],
    "user_permissions": []
  }
},
{
  "model": "auth.user",
  "pk": 12,
  "fields": {
    "password": "pbkdf2_sha256$600000$Nz5JPRwq9X4WnB0f3zwX5Y$lr4o4rsqhdZ9z4Pn9dzwKhN4axFf+Jy7r6n492oZjRo=",
    "last_login": "2023-07-13T16:15:49.223Z",
    "is_superuser": false,
    "username": "Павел",
    "first_name": "",
    "last_name": "",
    "email": "",
    "is_staff": false,
    "is_active": true,
    "date_joined": "2023-07-13T16:09:16.320Z",
    "groups": [],
    "user_permissions": []
  }
},
{
  "model": "auth.user",
  "pk": 13,
  "fields": {
    "password": "pbkdf2_sha256$600000$oXdsqaniXp1EzKyYH3MQ7v$e8lIwGGhyQ6Y8GztfSwNxWZjqt5U2RFMdaDj6fEVdYU=",
    "last_login": "2023-07-20T08:43:04.263Z",
    "is_superuser": false,
    "username": "Роман",
    "first_name": "",
    "last_name": "",
    "email": "",
    "is_staff": false,
    "is_active": true,
    "date_joined": "2023-07-13T21:54:31.792Z",
    "groups": [],
    "user_permissions": []
  }
},
{
  "model": "contenttypes.contenttype",
  "pk": 1,
  "fields": {
    "app_label": "admin",
    "model": "logentry"
  }
},
{
  "model": "contenttypes.contenttype",
  "pk": 2,
  "fields": {
    "app_label": "auth",
    "model": "permission"
  }
},
{
  "model": "contenttypes.contenttype",
  "pk": 3,
  "fields": {
    "app_label": "auth",
    "model": "group"
  }
},
{
  "model": "contenttypes.contenttype",
  "pk": 4,
  "fields": {
    "app_label": "auth",
    "model": "user"
  }
},
{
  "model": "contenttypes.contenttype",
  "pk": 5,
  "fields": {
    "app_label": "contenttypes",
    "model": "contenttype"
  }
},
{
  "model": "contenttypes.contenttype",
  "pk": 6,
  "fields": {
    "app_label": "sessions",
    "model": "session"
  }
},
{
  "model": "contenttypes.contenttype",
  "pk": 7,
  "fields": {
    "app_label": "catalog",
    "model": "category"
  }
},
{
  "model": "contenttypes.contenttype",
  "pk": 8,
  "fields": {
    "app_label": "catalog",
    "model": "game"
  }
},
{
  "model": "contenttypes.contenttype",
  "pk": 9,
  "fields": {
    "app_label": "taggit",
    "model": "tag"
  }
},
{
  "model": "contenttypes.contenttype",
  "pk": 10,
  "fields": {
    "app_label": "taggit",
    "model": "taggeditem"
  }
},
{
  "model": "contenttypes.contenttype",
  "pk": 11,
  "fields": {
    "app_label": "social_django",
    "model": "association"
  }
},
{
  "model": "contenttypes.contenttype",
  "pk": 12,
  "fields": {
    "app_label": "social_django",
    "model": "code"
  }
},
{
  "model": "contenttypes.contenttype",
  "pk": 13,
  "fields": {
    "app_label": "social_django",
    "model": "nonce"
  }
},
{
  "model": "contenttypes.contenttype",
  "pk": 14,
  "fields": {
    "app_label": "social_django",
    "model": "usersocialauth"
  }
},
{
  "model": "contenttypes.contenttype",
  "pk": 15,
  "fields": {
    "app_label": "social_django",
    "model": "partial"
  }
},
{
  "model": "contenttypes.contenttype",
  "pk": 16,
  "fields": {
    "app_label": "profile_app",
    "model": "profile"
  }
},
{
  "model": "contenttypes.contenttype",
  "pk": 17,
  "fields": {
    "app_label": "blog",
    "model": "post"
  }
},
{
  "model": "contenttypes.contenttype",
  "pk": 18,
  "fields": {
    "app_label": "blog",
    "model": "review"
  }
},
{
  "model": "contenttypes.contenttype",
  "pk": 19,
  "fields": {
    "app_label": "sites",
    "model": "site"
  }
},
{
  "model": "contenttypes.contenttype",
  "pk": 20,
  "fields": {
    "app_label": "orders",
    "model": "order"
  }
},
{
  "model": "contenttypes.contenttype",
  "pk": 21,
  "fields": {
    "app_label": "orders",
    "model": "orderitem"
  }
},
{
  "model": "sessions.session",
  "pk": "1wv6q05n0fvw5x8qf1ozlmdd0x2lr3k2",
  "fields": {
    "session_data": "e30:1qJyd5:a2f-lDU74fk2R4pyGxm1ul8NbmWlYX6UlMne0upGf38",
    "expire_date": "2023-07-27T15:53:19.092Z"
  }
},
{
  "model": "sessions.session",
  "pk": "3vynnz7bh6b34lgugbxx3fq10v7b22kg",
  "fields": {
    "session_data": ".eJxVjDsOwjAQBe_iGllrO97FlPQ5Q7TrDw6gRIqTCnF3iJQC2jcz76UG3tY6bC0vw5jURRl1-t2E4yNPO0h3nm6zjvO0LqPoXdEHbbqfU35eD_fvoHKr35rAQuCOgTCmjMI5IQOYc0CyAF4keLRoybmSjBeHVmzpyHgswRGp9wfEUzaq:1qIc4S:HJnlpiK9e-kCHq1KzBzCWTriphLwz2qmhRJzcc5B2KY",
    "expire_date": "2023-07-23T21:35:56.905Z"
  }
},
{
  "model": "sessions.session",
  "pk": "4gfaz3ewcyjbnmumebw5s2du63v5jby2",
  "fields": {
    "session_data": "e30:1qJyZt:i_IRhgX_ty4b8QihAUip6GViJ_oArMimwY0ENt9MvB0",
    "expire_date": "2023-07-27T15:50:01.999Z"
  }
},
{
  "model": "sessions.session",
  "pk": "5uoaf8sew51vsgrqfnwty7m38wy54qlq",
  "fields": {
    "session_data": ".eJxVjDsOgzAQBe-ydWT5v4QyPWdAu14nJolAwlAh7p4g0dC-mXkbJJoXaLf9Bj2tS-nXmud-EGjBGLiMTOmTx4PIm8bXpNI0LvPA6lDUSavqJsnfx-leDgrV8q-fITFH5zC4qJFJi7AmiylYaRrvfAjae7lnnSISShYTEClmq1nIRth_TCc7Pg:1qN9sX:Zj_GR5VdLDaZEg1mhRBgGeYf7Gu_qqujgZHL6tbuIgQ",
    "expire_date": "2023-08-05T10:30:25.187Z"
  }
},
{
  "model": "sessions.session",
  "pk": "8n26wkazd79kzk9lgosay2ro8tmv5nw8",
  "fields": {
    "session_data": ".eJxVjEsOgzAMBe_idRU5CbEblt33DMhOQqGtQOKzQty9RWLD9s3M2yDJtEC97TdoZF26Zp3L1PQZarBw2VTSpwwHyG8ZXqNJ47BMvZpDMSedzXPM5fs43ctBJ3P3rxkdRqkEmVIupFIyCaK9R2KHGFRjIEeOvW-zDerJqWsrtoHa6Jlh_wELpjn2:1qMnUL:3h6_KCaPk0ERLv21mlfP7JmMhFXg_9P8F8tu-3oi070",
    "expire_date": "2023-08-04T10:35:57.049Z"
  }
},
{
  "model": "sessions.session",
  "pk": "gyi0kcx2r6jmrk3jio5ubq6xoj290id4",
  "fields": {
    "session_data": "e30:1qJyme:OlMh0TOBq0eL3zsWwwV8NkvCu14nUTTruvyzX6Iri5M",
    "expire_date": "2023-07-27T16:03:12.756Z"
  }
},
{
  "model": "sessions.session",
  "pk": "oomah72lbxbhq7a2hah77lnzj2np7dop",
  "fields": {
    "session_data": "e30:1qJyUO:QszhIVy6jhumgdQz20RxLXwOCX1arrxCwb-KfHkbSNc",
    "expire_date": "2023-07-27T15:44:20.766Z"
  }
},
{
  "model": "sessions.session",
  "pk": "tedawbye9tal9twtcosmtw9ogje05xt4",
  "fields": {
    "session_data": "e30:1qJyVz:TvqCx6DvDuXXn34SVThbShzZpZZNKUbru84bJ9xGwH8",
    "expire_date": "2023-07-27T15:45:59.531Z"
  }
},
{
  "model": "sessions.session",
  "pk": "tjj7eudwa457f7nucgautepzxnbh4ku2",
  "fields": {
    "session_data": "e30:1qJyfa:jxEFxi4lQGh_43m9zUi7Sj55nUqPvvvmoJT9NngdNS0",
    "expire_date": "2023-07-27T15:55:54.545Z"
  }
},
{
  "model": "catalog.game",
  "pk": 4,
  "fields": {
    "title": "Венский связной",
    "description": "\"Венский связной\" – это кооперативная настольная игра, которая вобрала в себя шпионские игры, зашифрованные поручения и детективные расследования. Действия игры разворачиваются в Европе семидесятых годов прошлого века. Вы – шпионы, агенты под прикрытием, чья цель – успешное выполнение порученных миссий. Во время их выполнения вам предстоит путешествовать из одного европейского города в другой, искать в них информаторов и собирать разведданные. На старте игры вам доступны колода карт и некоторое количество зацепок, с их помощью вы и будете получать новую информацию. Только это не так просто, как может показаться: вам придётся изучить не одну кипу архивных документов, начиная с обычных вырезок из газет вплоть до секретных досье и протоколов. Работа в команде – это основное, чему вам предстоит научиться. Каждую минуту вы будете получать от игры не самые лёгкие задачки, решение которых непременно будет зависеть от уровня вашей сплочённости. Коды и шифры, встречающиеся на всём пути прохождения, с головой погружают в атмосферу шпионажа полную секретности.",
    "slug": "venskij-svyaznoj2",
    "image": "https://hobbygames.ru/image/cache/hobbygames_beta/data/Gaga/Venskiy_svyaznoy/HG/Venskiy_Svyaznoi-1000x416-wm.jpg",
    "price": "4990.00",
    "number_of_persons": "1-5",
    "duration": "180",
    "age_limit": 16,
    "quantity": 1,
    "availability": true,
    "number_of_views": 5,
    "number_of_sales": 0,
    "category": 4,
    "created_at": "2023-07-15",
    "updated_at": "2023-07-17"
  }
},
{
  "model": "catalog.game",
  "pk": 5,
  "fields": {
    "title": "Зомби-котята",
    "description": "\nLorem Ipsum - это текст-\"рыба\", часто используемый в печати и вэб-дизайне. Lorem Ipsum является стандартной \"рыбой\" для текстов на латинице с начала XVI века. В то время некий безымянный печатник создал большую коллекцию размеров и форм шрифтов, используя Lorem Ipsum для распечатки образцов. Lorem Ipsum не только успешно пережил без заметных изменений пять веков, но и перешагнул в электронный дизайн. Его популяризации в новое время послужили публикация листов Letraset с образцами Lorem Ipsum в 60-х годах и, в более недавнее время, программы электронной вёрстки типа Aldus PageMaker, в шаблонах которых используется Lorem Ipsum.\n",
    "slug": "zombi-kotiata",
    "image": "https://hobbygames.ru/image/cache/hobbygames_beta/data/HobbyWorld/Zombie_Kittens/hg/zombie_00-209x273.JPG",
    "price": "990.00",
    "number_of_persons": "2-5",
    "duration": "15",
    "age_limit": 12,
    "quantity": 1,
    "availability": true,
    "number_of_views": 0,
    "number_of_sales": 0,
    "category": 5,
    "created_at": "2023-07-15",
    "updated_at": "2023-07-15"
  }
},
{
  "model": "catalog.game",
  "pk": 6,
  "fields": {
    "title": "Мезень",
    "description": "\nLorem Ipsum - это текст-\"рыба\", часто используемый в печати и вэб-дизайне. Lorem Ipsum является стандартной \"рыбой\" для текстов на латинице с начала XVI века. В то время некий безымянный печатник создал большую коллекцию размеров и форм шрифтов, используя Lorem Ipsum для распечатки образцов. Lorem Ipsum не только успешно пережил без заметных изменений пять веков, но и перешагнул в электронный дизайн. Его популяризации в новое время послужили публикация листов Letraset с образцами Lorem Ipsum в 60-х годах и, в более недавнее время, программы электронной вёрстки типа Aldus PageMaker, в шаблонах которых используется Lorem Ipsum.\n",
    "slug": "mezen",
    "image": "https://hobbygames.ru/image/cache/hobbygames_beta/data/HobbyWorld/Mezen/HG/Mezen00-209x273.JPG",
    "price": "1990.00",
    "number_of_persons": "1-5",
    "duration": "30",
    "age_limit": 8,
    "quantity": 1,
    "availability": true,
    "number_of_views": 1,
    "number_of_sales": 0,
    "category": 9,
    "created_at": "2023-07-15",
    "updated_at": "2023-07-16"
  }
},
{
  "model": "catalog.game",
  "pk": 7,
  "fields": {
    "title": "Каркассон",
    "description": "\nLorem Ipsum - это текст-\"рыба\", часто используемый в печати и вэб-дизайне. Lorem Ipsum является стандартной \"рыбой\" для текстов на латинице с начала XVI века. В то время некий безымянный печатник создал большую коллекцию размеров и форм шрифтов, используя Lorem Ipsum для распечатки образцов. Lorem Ipsum не только успешно пережил без заметных изменений пять веков, но и перешагнул в электронный дизайн. Его популяризации в новое время послужили публикация листов Letraset с образцами Lorem Ipsum в 60-х годах и, в более недавнее время, программы электронной вёрстки типа Aldus PageMaker, в шаблонах которых используется Lorem Ipsum.\n",
    "slug": "karkasson",
    "image": "https://hobbygames.ru/image/cache/hobbygames_beta/data/HobbyWorld/Karkasson/2022/carcassonne_2022_00-209x273.jpg",
    "price": "1490.00",
    "number_of_persons": "2-5",
    "duration": "35",
    "age_limit": 7,
    "quantity": 1,
    "availability": true,
    "number_of_views": 0,
    "number_of_sales": 0,
    "category": 6,
    "created_at": "2023-07-15",
    "updated_at": "2023-07-15"
  }
},
{
  "model": "catalog.game",
  "pk": 8,
  "fields": {
    "title": "Особняки безумия. Вторая редакция",
    "description": "\nLorem Ipsum - это текст-\"рыба\", часто используемый в печати и вэб-дизайне. Lorem Ipsum является стандартной \"рыбой\" для текстов на латинице с начала XVI века. В то время некий безымянный печатник создал большую коллекцию размеров и форм шрифтов, используя Lorem Ipsum для распечатки образцов. Lorem Ipsum не только успешно пережил без заметных изменений пять веков, но и перешагнул в электронный дизайн. Его популяризации в новое время послужили публикация листов Letraset с образцами Lorem Ipsum в 60-х годах и, в более недавнее время, программы электронной вёрстки типа Aldus PageMaker, в шаблонах которых используется Lorem Ipsum.\n",
    "slug": "osobniaki-bezumiia-vtoraia-redaktsiia",
    "image": "https://hobbygames.ru/image/cache/hobbygames_beta/data/HobbyWorld/Ujas_Arkhema/Osobnyaki_bezumiya/Mansions-of-Madness_box-209x273.jpg",
    "price": "7990.00",
    "number_of_persons": "1-5",
    "duration": "120",
    "age_limit": 13,
    "quantity": 1,
    "availability": true,
    "number_of_views": 2,
    "number_of_sales": 0,
    "category": 8,
    "created_at": "2023-07-15",
    "updated_at": "2023-07-16"
  }
},
{
  "model": "catalog.game",
  "pk": 9,
  "fields": {
    "title": "Зомбицид. Вторая редакция",
    "description": "Lorem Ipsum - это текст-\"рыба\", часто используемый в печати и вэб-дизайне. Lorem Ipsum является стандартной \"рыбой\" для текстов на латинице с начала XVI века. В то время некий безымянный печатник создал большую коллекцию размеров и форм шрифтов, используя Lorem Ipsum для распечатки образцов. Lorem Ipsum не только успешно пережил без заметных изменений пять веков, но и перешагнул в электронный дизайн. Его популяризации в новое время послужили публикация листов Letraset с образцами Lorem Ipsum в 60-х годах и, в более недавнее время, программы электронной вёрстки типа Aldus PageMaker, в шаблонах которых используется Lorem Ipsum.",
    "slug": "zombitsid-vtoraia-redaktsiia",
    "image": "https://hobbygames.ru/image/cache/hobbygames_beta/data/HobbyWorld/Zombicide/Zombicide_2nd_Edition/Zombicide_2ed_00-209x273.jpg",
    "price": "9990.00",
    "number_of_persons": "1-6",
    "duration": "60",
    "age_limit": 18,
    "quantity": 1,
    "availability": true,
    "number_of_views": 64,
    "number_of_sales": 0,
    "category": 4,
    "created_at": "2023-07-15",
    "updated_at": "2023-07-20"
  }
},
{
  "model": "catalog.game",
  "pk": 10,
  "fields": {
    "title": "Древний Ужас",
    "description": "\nLorem Ipsum - это текст-\"рыба\", часто используемый в печати и вэб-дизайне. Lorem Ipsum является стандартной \"рыбой\" для текстов на латинице с начала XVI века. В то время некий безымянный печатник создал большую коллекцию размеров и форм шрифтов, используя Lorem Ipsum для распечатки образцов. Lorem Ipsum не только успешно пережил без заметных изменений пять веков, но и перешагнул в электронный дизайн. Его популяризации в новое время послужили публикация листов Letraset с образцами Lorem Ipsum в 60-х годах и, в более недавнее время, программы электронной вёрстки типа Aldus PageMaker, в шаблонах которых используется Lorem Ipsum.\n",
    "slug": "drevnii-uzhas",
    "image": "https://hobbygames.ru/image/cache/hobbygames_beta/data/HobbyWorld/Eldritch_horror/EH00-209x273.jpg",
    "price": "4990.00",
    "number_of_persons": "1-8",
    "duration": "120",
    "age_limit": 13,
    "quantity": 1,
    "availability": true,
    "number_of_views": 0,
    "number_of_sales": 0,
    "category": 6,
    "created_at": "2023-07-15",
    "updated_at": "2023-07-15"
  }
},
{
  "model": "catalog.game",
  "pk": 11,
  "fields": {
    "title": "Gloomhaven. Мрачная гавань: Челюсти льва",
    "description": "\nLorem Ipsum - это текст-\"рыба\", часто используемый в печати и вэб-дизайне. Lorem Ipsum является стандартной \"рыбой\" для текстов на латинице с начала XVI века. В то время некий безымянный печатник создал большую коллекцию размеров и форм шрифтов, используя Lorem Ipsum для распечатки образцов. Lorem Ipsum не только успешно пережил без заметных изменений пять веков, но и перешагнул в электронный дизайн. Его популяризации в новое время послужили публикация листов Letraset с образцами Lorem Ipsum в 60-х годах и, в более недавнее время, программы электронной вёрстки типа Aldus PageMaker, в шаблонах которых используется Lorem Ipsum.\n",
    "slug": "gloomhaven-mrachnaia-gavan-cheliusti-lva",
    "image": "https://hobbygames.ru/image/cache/hobbygames_beta/data/HobbyWorld/Gloomhaven_Jaws_of_the_Lion/HG/Jaws_of_the_lion_00-209x273.JPG",
    "price": "5990.00",
    "number_of_persons": "1-4",
    "duration": "30",
    "age_limit": 13,
    "quantity": 1,
    "availability": true,
    "number_of_views": 0,
    "number_of_sales": 0,
    "category": 7,
    "created_at": "2023-07-15",
    "updated_at": "2023-07-15"
  }
},
{
  "model": "catalog.game",
  "pk": 12,
  "fields": {
    "title": "Сумерки империи. Четвёртое издание",
    "description": "\nLorem Ipsum - это текст-\"рыба\", часто используемый в печати и вэб-дизайне. Lorem Ipsum является стандартной \"рыбой\" для текстов на латинице с начала XVI века. В то время некий безымянный печатник создал большую коллекцию размеров и форм шрифтов, используя Lorem Ipsum для распечатки образцов. Lorem Ipsum не только успешно пережил без заметных изменений пять веков, но и перешагнул в электронный дизайн. Его популяризации в новое время послужили публикация листов Letraset с образцами Lorem Ipsum в 60-х годах и, в более недавнее время, программы электронной вёрстки типа Aldus PageMaker, в шаблонах которых используется Lorem Ipsum.\n",
    "slug": "sumerki-imperii-chetviortoe-izdanie",
    "image": "https://hobbygames.ru/image/cache/hobbygames_beta/data/HobbyWorld/Sumerki_Imperii/Sumerki_Imperii00-209x273.jpg",
    "price": "13990.00",
    "number_of_persons": "3-6",
    "duration": "240",
    "age_limit": 13,
    "quantity": 1,
    "availability": true,
    "number_of_views": 1,
    "number_of_sales": 0,
    "category": 5,
    "created_at": "2023-07-15",
    "updated_at": "2023-07-15"
  }
},
{
  "model": "catalog.game",
  "pk": 13,
  "fields": {
    "title": "Манчкин",
    "description": "\nLorem Ipsum - это текст-\"рыба\", часто используемый в печати и вэб-дизайне. Lorem Ipsum является стандартной \"рыбой\" для текстов на латинице с начала XVI века. В то время некий безымянный печатник создал большую коллекцию размеров и форм шрифтов, используя Lorem Ipsum для распечатки образцов. Lorem Ipsum не только успешно пережил без заметных изменений пять веков, но и перешагнул в электронный дизайн. Его популяризации в новое время послужили публикация листов Letraset с образцами Lorem Ipsum в 60-х годах и, в более недавнее время, программы электронной вёрстки типа Aldus PageMaker, в шаблонах которых используется Lorem Ipsum.\n",
    "slug": "manchkin",
    "image": "https://hobbygames.ru/image/cache/hobbygames_beta/data/HobbyWorld/Munchkin/Munchkin/Munchkin00-209x273.jpg",
    "price": "990.00",
    "number_of_persons": "3-6",
    "duration": "30",
    "age_limit": 12,
    "quantity": 1,
    "availability": true,
    "number_of_views": 0,
    "number_of_sales": 0,
    "category": 7,
    "created_at": "2023-07-15",
    "updated_at": "2023-07-15"
  }
},
{
  "model": "catalog.game",
  "pk": 14,
  "fields": {
    "title": "Бункер",
    "description": "\nLorem Ipsum - это текст-\"рыба\", часто используемый в печати и вэб-дизайне. Lorem Ipsum является стандартной \"рыбой\" для текстов на латинице с начала XVI века. В то время некий безымянный печатник создал большую коллекцию размеров и форм шрифтов, используя Lorem Ipsum для распечатки образцов. Lorem Ipsum не только успешно пережил без заметных изменений пять веков, но и перешагнул в электронный дизайн. Его популяризации в новое время послужили публикация листов Letraset с образцами Lorem Ipsum в 60-х годах и, в более недавнее время, программы электронной вёрстки типа Aldus PageMaker, в шаблонах которых используется Lorem Ipsum.\n",
    "slug": "bunker",
    "image": "https://hobbygames.ru/image/cache/hobbygames_beta/data/Ekonomikuc/Bunker/Bunker-209x273.jpg",
    "price": "2990.00",
    "number_of_persons": "4-1-6",
    "duration": "30",
    "age_limit": 18,
    "quantity": 1,
    "availability": true,
    "number_of_views": 0,
    "number_of_sales": 0,
    "category": 9,
    "created_at": "2023-07-15",
    "updated_at": "2023-07-15"
  }
},
{
  "model": "catalog.game",
  "pk": 15,
  "fields": {
    "title": "Catan: Колонизаторы",
    "description": "\nLorem Ipsum - это текст-\"рыба\", часто используемый в печати и вэб-дизайне. Lorem Ipsum является стандартной \"рыбой\" для текстов на латинице с начала XVI века. В то время некий безымянный печатник создал большую коллекцию размеров и форм шрифтов, используя Lorem Ipsum для распечатки образцов. Lorem Ipsum не только успешно пережил без заметных изменений пять веков, но и перешагнул в электронный дизайн. Его популяризации в новое время послужили публикация листов Letraset с образцами Lorem Ipsum в 60-х годах и, в более недавнее время, программы электронной вёрстки типа Aldus PageMaker, в шаблонах которых используется Lorem Ipsum.\n",
    "slug": "catan-kolonizatory",
    "image": "https://hobbygames.ru/image/cache/hobbygames_beta/data/HobbyWorld/Kolonizatoru/Catan/Kolonizatory_Baza_Novaya-Korobka00-209x273.jpg",
    "price": "3990.00",
    "number_of_persons": "3-4",
    "duration": "45",
    "age_limit": 10,
    "quantity": 1,
    "availability": true,
    "number_of_views": 1,
    "number_of_sales": 0,
    "category": 3,
    "created_at": "2023-07-15",
    "updated_at": "2023-07-15"
  }
},
{
  "model": "catalog.game",
  "pk": 16,
  "fields": {
    "title": "Властелин колец: Странствия в Средиземье",
    "description": "\nLorem Ipsum - это текст-\"рыба\", часто используемый в печати и вэб-дизайне. Lorem Ipsum является стандартной \"рыбой\" для текстов на латинице с начала XVI века. В то время некий безымянный печатник создал большую коллекцию размеров и форм шрифтов, используя Lorem Ipsum для распечатки образцов. Lorem Ipsum не только успешно пережил без заметных изменений пять веков, но и перешагнул в электронный дизайн. Его популяризации в новое время послужили публикация листов Letraset с образцами Lorem Ipsum в 60-х годах и, в более недавнее время, программы электронной вёрстки типа Aldus PageMaker, в шаблонах которых используется Lorem Ipsum.\n",
    "slug": "vlastelin-kolets-stranstviia-v-sredizeme",
    "image": "https://hobbygames.ru/image/cache/hobbygames_beta/data/HobbyWorld/LOTR_stranstviya_v_sredizemye/LotR_journey-in-middle-earth-209x273.jpg",
    "price": "8990.00",
    "number_of_persons": "1-5",
    "duration": "60",
    "age_limit": 13,
    "quantity": 1,
    "availability": true,
    "number_of_views": 5,
    "number_of_sales": 0,
    "category": 9,
    "created_at": "2023-07-15",
    "updated_at": "2023-07-15"
  }
},
{
  "model": "catalog.game",
  "pk": 17,
  "fields": {
    "title": "Взрывные котята",
    "description": "\nLorem Ipsum - это текст-\"рыба\", часто используемый в печати и вэб-дизайне. Lorem Ipsum является стандартной \"рыбой\" для текстов на латинице с начала XVI века. В то время некий безымянный печатник создал большую коллекцию размеров и форм шрифтов, используя Lorem Ipsum для распечатки образцов. Lorem Ipsum не только успешно пережил без заметных изменений пять веков, но и перешагнул в электронный дизайн. Его популяризации в новое время послужили публикация листов Letraset с образцами Lorem Ipsum в 60-х годах и, в более недавнее время, программы электронной вёрстки типа Aldus PageMaker, в шаблонах которых используется Lorem Ipsum.\n",
    "slug": "vzryvnye-kotiata",
    "image": "https://hobbygames.ru/image/cache/hobbygames_beta/data/HobbyWorld/Explosive_Kitten/2022/HG/vzryvnye_kotyata_2022-209x273.jpg",
    "price": "990.00",
    "number_of_persons": "2-5",
    "duration": "15",
    "age_limit": 10,
    "quantity": 1,
    "availability": true,
    "number_of_views": 0,
    "number_of_sales": 0,
    "category": 4,
    "created_at": "2023-07-15",
    "updated_at": "2023-07-15"
  }
},
{
  "model": "catalog.game",
  "pk": 18,
  "fields": {
    "title": "Масти власти",
    "description": "\nLorem Ipsum - это текст-\"рыба\", часто используемый в печати и вэб-дизайне. Lorem Ipsum является стандартной \"рыбой\" для текстов на латинице с начала XVI века. В то время некий безымянный печатник создал большую коллекцию размеров и форм шрифтов, используя Lorem Ipsum для распечатки образцов. Lorem Ipsum не только успешно пережил без заметных изменений пять веков, но и перешагнул в электронный дизайн. Его популяризации в новое время послужили публикация листов Letraset с образцами Lorem Ipsum в 60-х годах и, в более недавнее время, программы электронной вёрстки типа Aldus PageMaker, в шаблонах которых используется Lorem Ipsum.\n",
    "slug": "masti-vlasti",
    "image": "https://hobbygames.ru/image/cache/hobbygames_beta/data/HobbyWorld/Masti_Vlasti/HG/masti_vlasti-209x273.JPG",
    "price": "790.00",
    "number_of_persons": "3-6",
    "duration": "30",
    "age_limit": 13,
    "quantity": 1,
    "availability": true,
    "number_of_views": 0,
    "number_of_sales": 0,
    "category": 11,
    "created_at": "2023-07-15",
    "updated_at": "2023-07-15"
  }
},
{
  "model": "catalog.game",
  "pk": 19,
  "fields": {
    "title": "Ужас Аркхэма. Третья редакция",
    "description": "\nLorem Ipsum - это текст-\"рыба\", часто используемый в печати и вэб-дизайне. Lorem Ipsum является стандартной \"рыбой\" для текстов на латинице с начала XVI века. В то время некий безымянный печатник создал большую коллекцию размеров и форм шрифтов, используя Lorem Ipsum для распечатки образцов. Lorem Ipsum не только успешно пережил без заметных изменений пять веков, но и перешагнул в электронный дизайн. Его популяризации в новое время послужили публикация листов Letraset с образцами Lorem Ipsum в 60-х годах и, в более недавнее время, программы электронной вёрстки типа Aldus PageMaker, в шаблонах которых используется Lorem Ipsum.\n",
    "slug": "uzhas-arkkhema-tretia-redaktsiia",
    "image": "https://hobbygames.ru/image/cache/hobbygames_beta/data/HobbyWorld/Arkham_Horror/3rd_edition/AH_3ed_box_3D_roznica-209x273.jpg",
    "price": "5990.00",
    "number_of_persons": "1-6",
    "duration": "120",
    "age_limit": 14,
    "quantity": 1,
    "availability": true,
    "number_of_views": 1,
    "number_of_sales": 0,
    "category": 6,
    "created_at": "2023-07-15",
    "updated_at": "2023-07-15"
  }
},
{
  "model": "catalog.game",
  "pk": 20,
  "fields": {
    "title": "Fallout",
    "description": "\nLorem Ipsum - это текст-\"рыба\", часто используемый в печати и вэб-дизайне. Lorem Ipsum является стандартной \"рыбой\" для текстов на латинице с начала XVI века. В то время некий безымянный печатник создал большую коллекцию размеров и форм шрифтов, используя Lorem Ipsum для распечатки образцов. Lorem Ipsum не только успешно пережил без заметных изменений пять веков, но и перешагнул в электронный дизайн. Его популяризации в новое время послужили публикация листов Letraset с образцами Lorem Ipsum в 60-х годах и, в более недавнее время, программы электронной вёрстки типа Aldus PageMaker, в шаблонах которых используется Lorem Ipsum.\n",
    "slug": "fallout",
    "image": "https://hobbygames.ru/image/cache/hobbygames_beta/data/HobbyWorld/Fallout/Fallout_3D_roznica-209x273.jpg",
    "price": "5490.00",
    "number_of_persons": "1-4",
    "duration": "120",
    "age_limit": 13,
    "quantity": 1,
    "availability": true,
    "number_of_views": 1,
    "number_of_sales": 0,
    "category": 9,
    "created_at": "2023-07-15",
    "updated_at": "2023-07-15"
  }
},
{
  "model": "catalog.game",
  "pk": 21,
  "fields": {
    "title": "Битва за Рокуган",
    "description": "\nLorem Ipsum - это текст-\"рыба\", часто используемый в печати и вэб-дизайне. Lorem Ipsum является стандартной \"рыбой\" для текстов на латинице с начала XVI века. В то время некий безымянный печатник создал большую коллекцию размеров и форм шрифтов, используя Lorem Ipsum для распечатки образцов. Lorem Ipsum не только успешно пережил без заметных изменений пять веков, но и перешагнул в электронный дизайн. Его популяризации в новое время послужили публикация листов Letraset с образцами Lorem Ipsum в 60-х годах и, в более недавнее время, программы электронной вёрстки типа Aldus PageMaker, в шаблонах которых используется Lorem Ipsum.\n",
    "slug": "bitva-za-rokugan",
    "image": "https://hobbygames.ru/image/cache/hobbygames_beta/data/HobbyWorld/Bitva_za_Rokugan/bitva-za-rokugan_3D_roznica-209x273.jpg",
    "price": "2990.00",
    "number_of_persons": "2-5",
    "duration": "60",
    "age_limit": 13,
    "quantity": 1,
    "availability": true,
    "number_of_views": 0,
    "number_of_sales": 0,
    "category": 7,
    "created_at": "2023-07-15",
    "updated_at": "2023-07-15"
  }
},
{
  "model": "catalog.game",
  "pk": 22,
  "fields": {
    "title": "Ужас Аркхэма. Карточная игра: Путь в Каркозу. Возвращение",
    "description": "\nLorem Ipsum - это текст-\"рыба\", часто используемый в печати и вэб-дизайне. Lorem Ipsum является стандартной \"рыбой\" для текстов на латинице с начала XVI века. В то время некий безымянный печатник создал большую коллекцию размеров и форм шрифтов, используя Lorem Ipsum для распечатки образцов. Lorem Ipsum не только успешно пережил без заметных изменений пять веков, но и перешагнул в электронный дизайн. Его популяризации в новое время послужили публикация листов Letraset с образцами Lorem Ipsum в 60-х годах и, в более недавнее время, программы электронной вёрстки типа Aldus PageMaker, в шаблонах которых используется Lorem Ipsum.\n",
    "slug": "uzhas-arkkhema-kartochnaia-igra-put-v-karkozu-vozvrashchenie",
    "image": "https://hobbygames.ru/image/cache/hobbygames_beta/data/HobbyWorld/Ujas_Arkhema/UA_cardgame/Carcosa_Vozvrasheniye/HG/carcosa_00-209x273.JPG",
    "price": "1790.00",
    "number_of_persons": "1-4",
    "duration": "60",
    "age_limit": 13,
    "quantity": 1,
    "availability": true,
    "number_of_views": 0,
    "number_of_sales": 0,
    "category": 7,
    "created_at": "2023-07-15",
    "updated_at": "2023-07-15"
  }
},
{
  "model": "catalog.game",
  "pk": 23,
  "fields": {
    "title": "Кринж",
    "description": "\nLorem Ipsum - это текст-\"рыба\", часто используемый в печати и вэб-дизайне. Lorem Ipsum является стандартной \"рыбой\" для текстов на латинице с начала XVI века. В то время некий безымянный печатник создал большую коллекцию размеров и форм шрифтов, используя Lorem Ipsum для распечатки образцов. Lorem Ipsum не только успешно пережил без заметных изменений пять веков, но и перешагнул в электронный дизайн. Его популяризации в новое время послужили публикация листов Letraset с образцами Lorem Ipsum в 60-х годах и, в более недавнее время, программы электронной вёрстки типа Aldus PageMaker, в шаблонах которых используется Lorem Ipsum.\n",
    "slug": "krinzh",
    "image": "https://hobbygames.ru/image/cache/hobbygames_beta/data/Magellan/Shut_Up/shut_up_00-209x273.jpg",
    "price": "1290.00",
    "number_of_persons": "3-1-2",
    "duration": "25",
    "age_limit": 18,
    "quantity": 1,
    "availability": true,
    "number_of_views": 1,
    "number_of_sales": 0,
    "category": 11,
    "created_at": "2023-07-15",
    "updated_at": "2023-07-16"
  }
},
{
  "model": "catalog.game",
  "pk": 24,
  "fields": {
    "title": "Ticket to Ride: Европа ",
    "description": "\nLorem Ipsum - это текст-\"рыба\", часто используемый в печати и вэб-дизайне. Lorem Ipsum является стандартной \"рыбой\" для текстов на латинице с начала XVI века. В то время некий безымянный печатник создал большую коллекцию размеров и форм шрифтов, используя Lorem Ipsum для распечатки образцов. Lorem Ipsum не только успешно пережил без заметных изменений пять веков, но и перешагнул в электронный дизайн. Его популяризации в новое время послужили публикация листов Letraset с образцами Lorem Ipsum в 60-х годах и, в более недавнее время, программы электронной вёрстки типа Aldus PageMaker, в шаблонах которых используется Lorem Ipsum.\n",
    "slug": "ticket-to-ride-evropa",
    "image": "https://hobbygames.ru/image/cache/hobbygames_beta/data/Days_of_Wonder/Ticket_To_Ride/Europe/2021/Ticket-to-Ride_Europe00-209x273.jpg",
    "price": "3990.00",
    "number_of_persons": "2-5",
    "duration": "30",
    "age_limit": 8,
    "quantity": 1,
    "availability": true,
    "number_of_views": 2,
    "number_of_sales": 0,
    "category": 7,
    "created_at": "2023-07-15",
    "updated_at": "2023-07-15"
  }
},
{
  "model": "catalog.game",
  "pk": 25,
  "fields": {
    "title": "Шерлок Пёс: Детектив с Бейкер-стрит",
    "description": "\nLorem Ipsum - это текст-\"рыба\", часто используемый в печати и вэб-дизайне. Lorem Ipsum является стандартной \"рыбой\" для текстов на латинице с начала XVI века. В то время некий безымянный печатник создал большую коллекцию размеров и форм шрифтов, используя Lorem Ipsum для распечатки образцов. Lorem Ipsum не только успешно пережил без заметных изменений пять веков, но и перешагнул в электронный дизайн. Его популяризации в новое время послужили публикация листов Letraset с образцами Lorem Ipsum в 60-х годах и, в более недавнее время, программы электронной вёрстки типа Aldus PageMaker, в шаблонах которых используется Lorem Ipsum.\n",
    "slug": "sherlok-pios-detektiv-s-beiker-strit",
    "image": "https://hobbygames.ru/image/cache/hobbygames_beta/data/HobbyWorld/Sherlok_Pjos_Detektiv_s_Bejker_strit/HG/sherlock_00-209x273.JPG",
    "price": "2490.00",
    "number_of_persons": "1-4",
    "duration": "45",
    "age_limit": 10,
    "quantity": 1,
    "availability": true,
    "number_of_views": 1,
    "number_of_sales": 0,
    "category": 10,
    "created_at": "2023-07-15",
    "updated_at": "2023-07-15"
  }
},
{
  "model": "catalog.game",
  "pk": 26,
  "fields": {
    "title": "Roll Player Adventures: Приключения в Улосе",
    "description": "\nLorem Ipsum - это текст-\"рыба\", часто используемый в печати и вэб-дизайне. Lorem Ipsum является стандартной \"рыбой\" для текстов на латинице с начала XVI века. В то время некий безымянный печатник создал большую коллекцию размеров и форм шрифтов, используя Lorem Ipsum для распечатки образцов. Lorem Ipsum не только успешно пережил без заметных изменений пять веков, но и перешагнул в электронный дизайн. Его популяризации в новое время послужили публикация листов Letraset с образцами Lorem Ipsum в 60-х годах и, в более недавнее время, программы электронной вёрстки типа Aldus PageMaker, в шаблонах которых используется Lorem Ipsum.\n",
    "slug": "roll-player-adventures-prikliucheniia-v-ulose",
    "image": "https://hobbygames.ru/image/cache/hobbygames_beta/data/HobbyWorld/Roll_Player_Adventures/HG/RPA_00-209x273.JPG",
    "price": "11990.00",
    "number_of_persons": "1-4",
    "duration": "90",
    "age_limit": 13,
    "quantity": 1,
    "availability": true,
    "number_of_views": 1,
    "number_of_sales": 0,
    "category": 7,
    "created_at": "2023-07-15",
    "updated_at": "2023-07-15"
  }
},
{
  "model": "catalog.game",
  "pk": 27,
  "fields": {
    "title": "Мачи Коро",
    "description": "\nLorem Ipsum - это текст-\"рыба\", часто используемый в печати и вэб-дизайне. Lorem Ipsum является стандартной \"рыбой\" для текстов на латинице с начала XVI века. В то время некий безымянный печатник создал большую коллекцию размеров и форм шрифтов, используя Lorem Ipsum для распечатки образцов. Lorem Ipsum не только успешно пережил без заметных изменений пять веков, но и перешагнул в электронный дизайн. Его популяризации в новое время послужили публикация листов Letraset с образцами Lorem Ipsum в 60-х годах и, в более недавнее время, программы электронной вёрстки типа Aldus PageMaker, в шаблонах которых используется Lorem Ipsum.\n",
    "slug": "machi-koro",
    "image": "https://hobbygames.ru/image/cache/hobbygames_beta/data/HobbyWorld/Machi_Koro/2021/Machi-Koro_00-209x273.jpg",
    "price": "1290.00",
    "number_of_persons": "2-5",
    "duration": "30",
    "age_limit": 7,
    "quantity": 1,
    "availability": true,
    "number_of_views": 0,
    "number_of_sales": 0,
    "category": 7,
    "created_at": "2023-07-15",
    "updated_at": "2023-07-15"
  }
},
{
  "model": "catalog.game",
  "pk": 28,
  "fields": {
    "title": "Непостижимое",
    "description": "\nLorem Ipsum - это текст-\"рыба\", часто используемый в печати и вэб-дизайне. Lorem Ipsum является стандартной \"рыбой\" для текстов на латинице с начала XVI века. В то время некий безымянный печатник создал большую коллекцию размеров и форм шрифтов, используя Lorem Ipsum для распечатки образцов. Lorem Ipsum не только успешно пережил без заметных изменений пять веков, но и перешагнул в электронный дизайн. Его популяризации в новое время послужили публикация листов Letraset с образцами Lorem Ipsum в 60-х годах и, в более недавнее время, программы электронной вёрстки типа Aldus PageMaker, в шаблонах которых используется Lorem Ipsum.\n",
    "slug": "nepostizhimoe",
    "image": "https://hobbygames.ru/image/cache/hobbygames_beta/data/HobbyWorld/Unfathomable/unfathomable_00-209x273.jpg",
    "price": "5990.00",
    "number_of_persons": "3-6",
    "duration": "120",
    "age_limit": 13,
    "quantity": 1,
    "availability": true,
    "number_of_views": 0,
    "number_of_sales": 0,
    "category": 11,
    "created_at": "2023-07-15",
    "updated_at": "2023-07-15"
  }
},
{
  "model": "catalog.game",
  "pk": 29,
  "fields": {
    "title": "Runebound. Третья редакция",
    "description": "\nLorem Ipsum - это текст-\"рыба\", часто используемый в печати и вэб-дизайне. Lorem Ipsum является стандартной \"рыбой\" для текстов на латинице с начала XVI века. В то время некий безымянный печатник создал большую коллекцию размеров и форм шрифтов, используя Lorem Ipsum для распечатки образцов. Lorem Ipsum не только успешно пережил без заметных изменений пять веков, но и перешагнул в электронный дизайн. Его популяризации в новое время послужили публикация листов Letraset с образцами Lorem Ipsum в 60-х годах и, в более недавнее время, программы электронной вёрстки типа Aldus PageMaker, в шаблонах которых используется Lorem Ipsum.\n",
    "slug": "runebound-tretia-redaktsiia",
    "image": "https://hobbygames.ru/image/cache/hobbygames_beta/data/HobbyWorld/Runebound_3ed/Runebound_3ed_3D_roznica-209x273.jpg",
    "price": "4990.00",
    "number_of_persons": "2-4",
    "duration": "120",
    "age_limit": 14,
    "quantity": 1,
    "availability": true,
    "number_of_views": 2,
    "number_of_sales": 0,
    "category": 9,
    "created_at": "2023-07-15",
    "updated_at": "2023-07-15"
  }
},
{
  "model": "catalog.game",
  "pk": 30,
  "fields": {
    "title": "Зомбицид. Вторая редакция: Форт Хендрикс",
    "description": "\nLorem Ipsum - это текст-\"рыба\", часто используемый в печати и вэб-дизайне. Lorem Ipsum является стандартной \"рыбой\" для текстов на латинице с начала XVI века. В то время некий безымянный печатник создал большую коллекцию размеров и форм шрифтов, используя Lorem Ipsum для распечатки образцов. Lorem Ipsum не только успешно пережил без заметных изменений пять веков, но и перешагнул в электронный дизайн. Его популяризации в новое время послужили публикация листов Letraset с образцами Lorem Ipsum в 60-х годах и, в более недавнее время, программы электронной вёрстки типа Aldus PageMaker, в шаблонах которых используется Lorem Ipsum.\n",
    "slug": "zombitsid-vtoraia-redaktsiia-fort-khendriks",
    "image": "https://hobbygames.ru/image/cache/hobbygames_beta/data/HobbyWorld/Zombicide/Zombicide_2nd_Edition_Fort_Hendrix/HG/hendrix_00-209x273.JPG",
    "price": "4490.00",
    "number_of_persons": "1-6",
    "duration": "1",
    "age_limit": 18,
    "quantity": 1,
    "availability": true,
    "number_of_views": 0,
    "number_of_sales": 0,
    "category": 8,
    "created_at": "2023-07-15",
    "updated_at": "2023-07-15"
  }
},
{
  "model": "catalog.game",
  "pk": 31,
  "fields": {
    "title": "Таверна ",
    "description": "\nLorem Ipsum - это текст-\"рыба\", часто используемый в печати и вэб-дизайне. Lorem Ipsum является стандартной \"рыбой\" для текстов на латинице с начала XVI века. В то время некий безымянный печатник создал большую коллекцию размеров и форм шрифтов, используя Lorem Ipsum для распечатки образцов. Lorem Ipsum не только успешно пережил без заметных изменений пять веков, но и перешагнул в электронный дизайн. Его популяризации в новое время послужили публикация листов Letraset с образцами Lorem Ipsum в 60-х годах и, в более недавнее время, программы электронной вёрстки типа Aldus PageMaker, в шаблонах которых используется Lorem Ipsum.\n",
    "slug": "taverna",
    "image": "https://hobbygames.ru/image/cache/hobbygames_beta/data/HobbyWorld/Taverna_KD/Taverna_Krasnyj_Drakon00-209x273.jpg",
    "price": "1790.00",
    "number_of_persons": "2-4",
    "duration": "30",
    "age_limit": 18,
    "quantity": 1,
    "availability": true,
    "number_of_views": 0,
    "number_of_sales": 0,
    "category": 5,
    "created_at": "2023-07-15",
    "updated_at": "2023-07-15"
  }
},
{
  "model": "catalog.game",
  "pk": 32,
  "fields": {
    "title": "Игра Престолов",
    "description": "\nLorem Ipsum - это текст-\"рыба\", часто используемый в печати и вэб-дизайне. Lorem Ipsum является стандартной \"рыбой\" для текстов на латинице с начала XVI века. В то время некий безымянный печатник создал большую коллекцию размеров и форм шрифтов, используя Lorem Ipsum для распечатки образцов. Lorem Ipsum не только успешно пережил без заметных изменений пять веков, но и перешагнул в электронный дизайн. Его популяризации в новое время послужили публикация листов Letraset с образцами Lorem Ipsum в 60-х годах и, в более недавнее время, программы электронной вёрстки типа Aldus PageMaker, в шаблонах которых используется Lorem Ipsum.\n",
    "slug": "igra-prestolov",
    "image": "https://hobbygames.ru/image/cache/hobbygames_beta/data/common/GofTh/agot00-209x273.jpg",
    "price": "4990.00",
    "number_of_persons": "3-6",
    "duration": "120",
    "age_limit": 13,
    "quantity": 1,
    "availability": true,
    "number_of_views": 1,
    "number_of_sales": 0,
    "category": 5,
    "created_at": "2023-07-15",
    "updated_at": "2023-07-15"
  }
},
{
  "model": "catalog.game",
  "pk": 33,
  "fields": {
    "title": "Эпичные схватки боевых магов: Битва на горе Черепламени",
    "description": "\nLorem Ipsum - это текст-\"рыба\", часто используемый в печати и вэб-дизайне. Lorem Ipsum является стандартной \"рыбой\" для текстов на латинице с начала XVI века. В то время некий безымянный печатник создал большую коллекцию размеров и форм шрифтов, используя Lorem Ipsum для распечатки образцов. Lorem Ipsum не только успешно пережил без заметных изменений пять веков, но и перешагнул в электронный дизайн. Его популяризации в новое время послужили публикация листов Letraset с образцами Lorem Ipsum в 60-х годах и, в более недавнее время, программы электронной вёрстки типа Aldus PageMaker, в шаблонах которых используется Lorem Ipsum.\n",
    "slug": "epichnye-skhvatki-boevykh-magov-bitva-na-gore-chereplameni",
    "image": "https://hobbygames.ru/image/cache/hobbygames_beta/data/HobbyWorld/Shvatki_Magov/EHpichnye_Skhvatki_Boevyh_Magov_Bitva_Na_Gore_Chereplameni00-209x273.jpg",
    "price": "1490.00",
    "number_of_persons": "2-6",
    "duration": "30",
    "age_limit": 16,
    "quantity": 1,
    "availability": true,
    "number_of_views": 0,
    "number_of_sales": 0,
    "category": 3,
    "created_at": "2023-07-15",
    "updated_at": "2023-07-15"
  }
},
{
  "model": "catalog.game",
  "pk": 34,
  "fields": {
    "title": "Неудержимые единорожки 18+",
    "description": "\nLorem Ipsum - это текст-\"рыба\", часто используемый в печати и вэб-дизайне. Lorem Ipsum является стандартной \"рыбой\" для текстов на латинице с начала XVI века. В то время некий безымянный печатник создал большую коллекцию размеров и форм шрифтов, используя Lorem Ipsum для распечатки образцов. Lorem Ipsum не только успешно пережил без заметных изменений пять веков, но и перешагнул в электронный дизайн. Его популяризации в новое время послужили публикация листов Letraset с образцами Lorem Ipsum в 60-х годах и, в более недавнее время, программы электронной вёрстки типа Aldus PageMaker, в шаблонах которых используется Lorem Ipsum.\n",
    "slug": "neuderzhimye-edinorozhki-18",
    "image": "https://hobbygames.ru/image/cache/hobbygames_beta/data/HobbyWorld/Neuderzhimye_Edinorozhki18/Photos/Neuderzhimye_Edinorozhki18_00-209x273.jpg",
    "price": "990.00",
    "number_of_persons": "2-8",
    "duration": "30",
    "age_limit": 18,
    "quantity": 1,
    "availability": true,
    "number_of_views": 1,
    "number_of_sales": 0,
    "category": 3,
    "created_at": "2023-07-15",
    "updated_at": "2023-07-17"
  }
},
{
  "model": "catalog.game",
  "pk": 35,
  "fields": {
    "title": "Место преступления",
    "description": "\nLorem Ipsum - это текст-\"рыба\", часто используемый в печати и вэб-дизайне. Lorem Ipsum является стандартной \"рыбой\" для текстов на латинице с начала XVI века. В то время некий безымянный печатник создал большую коллекцию размеров и форм шрифтов, используя Lorem Ipsum для распечатки образцов. Lorem Ipsum не только успешно пережил без заметных изменений пять веков, но и перешагнул в электронный дизайн. Его популяризации в новое время послужили публикация листов Letraset с образцами Lorem Ipsum в 60-х годах и, в более недавнее время, программы электронной вёрстки типа Aldus PageMaker, в шаблонах которых используется Lorem Ipsum.\n",
    "slug": "mesto-prestupleniia",
    "image": "https://hobbygames.ru/image/cache/hobbygames_beta/data/HobbyWorld/Mesto_prestuplenia/Mesto_Prestupleniya00-209x273.jpg",
    "price": "2490.00",
    "number_of_persons": "1-4",
    "duration": "60",
    "age_limit": 12,
    "quantity": 1,
    "availability": true,
    "number_of_views": 0,
    "number_of_sales": 0,
    "category": 9,
    "created_at": "2023-07-15",
    "updated_at": "2023-07-15"
  }
},
{
  "model": "catalog.game",
  "pk": 36,
  "fields": {
    "title": "Страдающее средневековье",
    "description": "\nLorem Ipsum - это текст-\"рыба\", часто используемый в печати и вэб-дизайне. Lorem Ipsum является стандартной \"рыбой\" для текстов на латинице с начала XVI века. В то время некий безымянный печатник создал большую коллекцию размеров и форм шрифтов, используя Lorem Ipsum для распечатки образцов. Lorem Ipsum не только успешно пережил без заметных изменений пять веков, но и перешагнул в электронный дизайн. Его популяризации в новое время послужили публикация листов Letraset с образцами Lorem Ipsum в 60-х годах и, в более недавнее время, программы электронной вёрстки типа Aldus PageMaker, в шаблонах которых используется Lorem Ipsum.\n",
    "slug": "stradaiushchee-srednevekove",
    "image": "https://hobbygames.ru/assets/img/svg/visibility_off.svg",
    "price": "1890.00",
    "number_of_persons": "3-6",
    "duration": "20",
    "age_limit": 18,
    "quantity": 1,
    "availability": true,
    "number_of_views": 0,
    "number_of_sales": 0,
    "category": 6,
    "created_at": "2023-07-15",
    "updated_at": "2023-07-15"
  }
},
{
  "model": "catalog.game",
  "pk": 37,
  "fields": {
    "title": "А.Д.Е.Л.Ь.",
    "description": "\nLorem Ipsum - это текст-\"рыба\", часто используемый в печати и вэб-дизайне. Lorem Ipsum является стандартной \"рыбой\" для текстов на латинице с начала XVI века. В то время некий безымянный печатник создал большую коллекцию размеров и форм шрифтов, используя Lorem Ipsum для распечатки образцов. Lorem Ipsum не только успешно пережил без заметных изменений пять веков, но и перешагнул в электронный дизайн. Его популяризации в новое время послужили публикация листов Letraset с образцами Lorem Ipsum в 60-х годах и, в более недавнее время, программы электронной вёрстки типа Aldus PageMaker, в шаблонах которых используется Lorem Ipsum.\n",
    "slug": "a-d-e-l",
    "image": "https://hobbygames.ru/image/cache/hobbygames_beta/data/Magellan/adele/adel-209x273.jpg",
    "price": "2990.00",
    "number_of_persons": "1-5",
    "duration": "90",
    "age_limit": 13,
    "quantity": 1,
    "availability": true,
    "number_of_views": 2,
    "number_of_sales": 0,
    "category": 4,
    "created_at": "2023-07-15",
    "updated_at": "2023-07-15"
  }
},
{
  "model": "catalog.game",
  "pk": 38,
  "fields": {
    "title": "Бэнг!",
    "description": "\nLorem Ipsum - это текст-\"рыба\", часто используемый в печати и вэб-дизайне. Lorem Ipsum является стандартной \"рыбой\" для текстов на латинице с начала XVI века. В то время некий безымянный печатник создал большую коллекцию размеров и форм шрифтов, используя Lorem Ipsum для распечатки образцов. Lorem Ipsum не только успешно пережил без заметных изменений пять веков, но и перешагнул в электронный дизайн. Его популяризации в новое время послужили публикация листов Letraset с образцами Lorem Ipsum в 60-х годах и, в более недавнее время, программы электронной вёрстки типа Aldus PageMaker, в шаблонах которых используется Lorem Ipsum.\n",
    "slug": "beng",
    "image": "https://hobbygames.ru/image/cache/hobbygames_beta/data/common/bang/bang_box_100-209x273.jpg",
    "price": "990.00",
    "number_of_persons": "4-7",
    "duration": "20",
    "age_limit": 12,
    "quantity": 1,
    "availability": true,
    "number_of_views": 0,
    "number_of_sales": 0,
    "category": 10,
    "created_at": "2023-07-15",
    "updated_at": "2023-07-15"
  }
},
{
  "model": "catalog.game",
  "pk": 39,
  "fields": {
    "title": "Age of Wonders: Planetfall",
    "description": "\nLorem Ipsum - это текст-\"рыба\", часто используемый в печати и вэб-дизайне. Lorem Ipsum является стандартной \"рыбой\" для текстов на латинице с начала XVI века. В то время некий безымянный печатник создал большую коллекцию размеров и форм шрифтов, используя Lorem Ipsum для распечатки образцов. Lorem Ipsum не только успешно пережил без заметных изменений пять веков, но и перешагнул в электронный дизайн. Его популяризации в новое время послужили публикация листов Letraset с образцами Lorem Ipsum в 60-х годах и, в более недавнее время, программы электронной вёрстки типа Aldus PageMaker, в шаблонах которых используется Lorem Ipsum.\n",
    "slug": "age-of-wonders-planetfall",
    "image": "https://hobbygames.ru/image/cache/hobbygames_beta/data/HobbyWorld/Age_of_Wonders_Planetfall/age_of_wonders_planetfall_00-209x273.jpg",
    "price": "1990.00",
    "number_of_persons": "2-6",
    "duration": "20",
    "age_limit": 12,
    "quantity": 1,
    "availability": true,
    "number_of_views": 0,
    "number_of_sales": 0,
    "category": 9,
    "created_at": "2023-07-15",
    "updated_at": "2023-07-15"
  }
},
{
  "model": "catalog.game",
  "pk": 40,
  "fields": {
    "title": "Космический контакт",
    "description": "\nLorem Ipsum - это текст-\"рыба\", часто используемый в печати и вэб-дизайне. Lorem Ipsum является стандартной \"рыбой\" для текстов на латинице с начала XVI века. В то время некий безымянный печатник создал большую коллекцию размеров и форм шрифтов, используя Lorem Ipsum для распечатки образцов. Lorem Ipsum не только успешно пережил без заметных изменений пять веков, но и перешагнул в электронный дизайн. Его популяризации в новое время послужили публикация листов Letraset с образцами Lorem Ipsum в 60-х годах и, в более недавнее время, программы электронной вёрстки типа Aldus PageMaker, в шаблонах которых используется Lorem Ipsum.\n",
    "slug": "kosmicheskii-kontakt",
    "image": "https://hobbygames.ru/image/cache/hobbygames_beta/data/HobbyWorld/Kosmicheskij_kontakt/Cosmic_Encounter_1-209x273.jpg",
    "price": "4990.00",
    "number_of_persons": "3-5",
    "duration": "60",
    "age_limit": 14,
    "quantity": 1,
    "availability": true,
    "number_of_views": 0,
    "number_of_sales": 0,
    "category": 11,
    "created_at": "2023-07-15",
    "updated_at": "2023-07-15"
  }
},
{
  "model": "catalog.game",
  "pk": 41,
  "fields": {
    "title": "Ужас Аркхэма. Карточная игра: Путь в Каркозу. Кампания",
    "description": "\nLorem Ipsum - это текст-\"рыба\", часто используемый в печати и вэб-дизайне. Lorem Ipsum является стандартной \"рыбой\" для текстов на латинице с начала XVI века. В то время некий безымянный печатник создал большую коллекцию размеров и форм шрифтов, используя Lorem Ipsum для распечатки образцов. Lorem Ipsum не только успешно пережил без заметных изменений пять веков, но и перешагнул в электронный дизайн. Его популяризации в новое время послужили публикация листов Letraset с образцами Lorem Ipsum в 60-х годах и, в более недавнее время, программы электронной вёрстки типа Aldus PageMaker, в шаблонах которых используется Lorem Ipsum.\n",
    "slug": "uzhas-arkkhema-kartochnaia-igra-put-v-karkozu-kampaniia",
    "image": "https://hobbygames.ru/image/cache/hobbygames_beta/data/HobbyWorld/Ujas_Arkhema/UA_cardgame/Put_v_Karkozu/Campaign/Carcossa_Campaign_00-209x273.jpg",
    "price": "3990.00",
    "number_of_persons": "1-4",
    "duration": "60",
    "age_limit": 13,
    "quantity": 1,
    "availability": true,
    "number_of_views": 0,
    "number_of_sales": 0,
    "category": 9,
    "created_at": "2023-07-15",
    "updated_at": "2023-07-15"
  }
},
{
  "model": "catalog.game",
  "pk": 42,
  "fields": {
    "title": "Эпичные схватки боевых магов: Крутагидон",
    "description": "\nLorem Ipsum - это текст-\"рыба\", часто используемый в печати и вэб-дизайне. Lorem Ipsum является стандартной \"рыбой\" для текстов на латинице с начала XVI века. В то время некий безымянный печатник создал большую коллекцию размеров и форм шрифтов, используя Lorem Ipsum для распечатки образцов. Lorem Ipsum не только успешно пережил без заметных изменений пять веков, но и перешагнул в электронный дизайн. Его популяризации в новое время послужили публикация листов Letraset с образцами Lorem Ipsum в 60-х годах и, в более недавнее время, программы электронной вёрстки типа Aldus PageMaker, в шаблонах которых используется Lorem Ipsum.\n",
    "slug": "epichnye-skhvatki-boevykh-magov-krutagidon",
    "image": "https://hobbygames.ru/image/cache/hobbygames_beta/data/HobbyWorld/Shvatki_Magov/Krutagidon/ESW_Deckbuilding_box_3d-roznica-209x273.jpg",
    "price": "1790.00",
    "number_of_persons": "2-5",
    "duration": "45",
    "age_limit": 18,
    "quantity": 1,
    "availability": true,
    "number_of_views": 0,
    "number_of_sales": 0,
    "category": 3,
    "created_at": "2023-07-15",
    "updated_at": "2023-07-15"
  }
},
{
  "model": "catalog.game",
  "pk": 43,
  "fields": {
    "title": "Затерянный остров",
    "description": "\nLorem Ipsum - это текст-\"рыба\", часто используемый в печати и вэб-дизайне. Lorem Ipsum является стандартной \"рыбой\" для текстов на латинице с начала XVI века. В то время некий безымянный печатник создал большую коллекцию размеров и форм шрифтов, используя Lorem Ipsum для распечатки образцов. Lorem Ipsum не только успешно пережил без заметных изменений пять веков, но и перешагнул в электронный дизайн. Его популяризации в новое время послужили публикация листов Letraset с образцами Lorem Ipsum в 60-х годах и, в более недавнее время, программы электронной вёрстки типа Aldus PageMaker, в шаблонах которых используется Lorem Ipsum.\n",
    "slug": "zateriannyi-ostrov",
    "image": "https://hobbygames.ru/image/cache/hobbygames_beta/data/Magellan/Zapretniy_Ostrov/HG/Zateryanniy_Ostrov00-209x273.JPG",
    "price": "990.00",
    "number_of_persons": "1-4",
    "duration": "30",
    "age_limit": 10,
    "quantity": 1,
    "availability": true,
    "number_of_views": 0,
    "number_of_sales": 0,
    "category": 10,
    "created_at": "2023-07-15",
    "updated_at": "2023-07-15"
  }
},
{
  "model": "catalog.game",
  "pk": 44,
  "fields": {
    "title": "Fallout Shelter. Настольная игра",
    "description": "\nLorem Ipsum - это текст-\"рыба\", часто используемый в печати и вэб-дизайне. Lorem Ipsum является стандартной \"рыбой\" для текстов на латинице с начала XVI века. В то время некий безымянный печатник создал большую коллекцию размеров и форм шрифтов, используя Lorem Ipsum для распечатки образцов. Lorem Ipsum не только успешно пережил без заметных изменений пять веков, но и перешагнул в электронный дизайн. Его популяризации в новое время послужили публикация листов Letraset с образцами Lorem Ipsum в 60-х годах и, в более недавнее время, программы электронной вёрстки типа Aldus PageMaker, в шаблонах которых используется Lorem Ipsum.\n",
    "slug": "fallout-shelter-nastolnaia-igra",
    "image": "https://hobbygames.ru/image/cache/hobbygames_beta/data/HobbyWorld/Fallout_Shelter/HG/fallout_shelter-209x273.JPG",
    "price": "4990.00",
    "number_of_persons": "2-4",
    "duration": "60",
    "age_limit": 15,
    "quantity": 1,
    "availability": true,
    "number_of_views": 1,
    "number_of_sales": 0,
    "category": 6,
    "created_at": "2023-07-15",
    "updated_at": "2023-07-15"
  }
},
{
  "model": "catalog.game",
  "pk": 45,
  "fields": {
    "title": "Неудержимые единорожки",
    "description": "\nLorem Ipsum - это текст-\"рыба\", часто используемый в печати и вэб-дизайне. Lorem Ipsum является стандартной \"рыбой\" для текстов на латинице с начала XVI века. В то время некий безымянный печатник создал большую коллекцию размеров и форм шрифтов, используя Lorem Ipsum для распечатки образцов. Lorem Ipsum не только успешно пережил без заметных изменений пять веков, но и перешагнул в электронный дизайн. Его популяризации в новое время послужили публикация листов Letraset с образцами Lorem Ipsum в 60-х годах и, в более недавнее время, программы электронной вёрстки типа Aldus PageMaker, в шаблонах которых используется Lorem Ipsum.\n",
    "slug": "neuderzhimye-edinorozhki",
    "image": "https://hobbygames.ru/image/cache/hobbygames_beta/data/HobbyWorld/Neuderzhimye_edinorozhki/neuderzhimye_edinorozhki_00-209x273.jpg",
    "price": "990.00",
    "number_of_persons": "2-8",
    "duration": "30",
    "age_limit": 12,
    "quantity": 1,
    "availability": true,
    "number_of_views": 0,
    "number_of_sales": 0,
    "category": 8,
    "created_at": "2023-07-15",
    "updated_at": "2023-07-15"
  }
},
{
  "model": "catalog.game",
  "pk": 46,
  "fields": {
    "title": "Цитадели Классика",
    "description": "\nLorem Ipsum - это текст-\"рыба\", часто используемый в печати и вэб-дизайне. Lorem Ipsum является стандартной \"рыбой\" для текстов на латинице с начала XVI века. В то время некий безымянный печатник создал большую коллекцию размеров и форм шрифтов, используя Lorem Ipsum для распечатки образцов. Lorem Ipsum не только успешно пережил без заметных изменений пять веков, но и перешагнул в электронный дизайн. Его популяризации в новое время послужили публикация листов Letraset с образцами Lorem Ipsum в 60-х годах и, в более недавнее время, программы электронной вёрстки типа Aldus PageMaker, в шаблонах которых используется Lorem Ipsum.\n",
    "slug": "tsitadeli-klassika",
    "image": "https://hobbygames.ru/image/cache/hobbygames_beta/data/HobbyWorld/Citadels_Classic/citadels_classic_00-209x273.jpg",
    "price": "990.00",
    "number_of_persons": "2-7",
    "duration": "30",
    "age_limit": 10,
    "quantity": 1,
    "availability": true,
    "number_of_views": 0,
    "number_of_sales": 0,
    "category": 11,
    "created_at": "2023-07-15",
    "updated_at": "2023-07-15"
  }
},
{
  "model": "catalog.game",
  "pk": 47,
  "fields": {
    "title": "Звёздные империи. Подарочное издание",
    "description": "\nLorem Ipsum - это текст-\"рыба\", часто используемый в печати и вэб-дизайне. Lorem Ipsum является стандартной \"рыбой\" для текстов на латинице с начала XVI века. В то время некий безымянный печатник создал большую коллекцию размеров и форм шрифтов, используя Lorem Ipsum для распечатки образцов. Lorem Ipsum не только успешно пережил без заметных изменений пять веков, но и перешагнул в электронный дизайн. Его популяризации в новое время послужили публикация листов Letraset с образцами Lorem Ipsum в 60-х годах и, в более недавнее время, программы электронной вёрстки типа Aldus PageMaker, в шаблонах которых используется Lorem Ipsum.\n",
    "slug": "zviozdnye-imperii-podarochnoe-izdanie",
    "image": "https://hobbygames.ru/image/cache/hobbygames_beta/data/HobbyWorld/Star_realms/zvezdnie-imperii_podarochnoe-izdanie2-209x273.jpg",
    "price": "1290.00",
    "number_of_persons": "2",
    "duration": "30",
    "age_limit": 12,
    "quantity": 1,
    "availability": true,
    "number_of_views": 0,
    "number_of_sales": 0,
    "category": 7,
    "created_at": "2023-07-15",
    "updated_at": "2023-07-15"
  }
},
{
  "model": "catalog.game",
  "pk": 48,
  "fields": {
    "title": "Small World: Маленький мир",
    "description": "\nLorem Ipsum - это текст-\"рыба\", часто используемый в печати и вэб-дизайне. Lorem Ipsum является стандартной \"рыбой\" для текстов на латинице с начала XVI века. В то время некий безымянный печатник создал большую коллекцию размеров и форм шрифтов, используя Lorem Ipsum для распечатки образцов. Lorem Ipsum не только успешно пережил без заметных изменений пять веков, но и перешагнул в электронный дизайн. Его популяризации в новое время послужили публикация листов Letraset с образцами Lorem Ipsum в 60-х годах и, в более недавнее время, программы электронной вёрстки типа Aldus PageMaker, в шаблонах которых используется Lorem Ipsum.\n",
    "slug": "small-world-malenkii-mir",
    "image": "https://hobbygames.ru/image/cache/hobbygames_beta/data/HobbyWorld/Smallworld/Small-World_3D_roznica-209x273.jpg",
    "price": "3990.00",
    "number_of_persons": "2-5",
    "duration": "40",
    "age_limit": 8,
    "quantity": 1,
    "availability": true,
    "number_of_views": 4,
    "number_of_sales": 0,
    "category": 11,
    "created_at": "2023-07-15",
    "updated_at": "2023-07-15"
  }
},
{
  "model": "catalog.game",
  "pk": 49,
  "fields": {
    "title": "Ярость Дракулы. Третья редакция",
    "description": "\nLorem Ipsum - это текст-\"рыба\", часто используемый в печати и вэб-дизайне. Lorem Ipsum является стандартной \"рыбой\" для текстов на латинице с начала XVI века. В то время некий безымянный печатник создал большую коллекцию размеров и форм шрифтов, используя Lorem Ipsum для распечатки образцов. Lorem Ipsum не только успешно пережил без заметных изменений пять веков, но и перешагнул в электронный дизайн. Его популяризации в новое время послужили публикация листов Letraset с образцами Lorem Ipsum в 60-х годах и, в более недавнее время, программы электронной вёрстки типа Aldus PageMaker, в шаблонах которых используется Lorem Ipsum.\n",
    "slug": "iarost-drakuly-tretia-redaktsiia",
    "image": "https://hobbygames.ru/image/cache/hobbygames_beta/data/HobbyWorld/Fury_of_Drakula/YArost_Drakuly00-209x273.jpg",
    "price": "3990.00",
    "number_of_persons": "2-5",
    "duration": "120",
    "age_limit": 13,
    "quantity": 1,
    "availability": true,
    "number_of_views": 0,
    "number_of_sales": 0,
    "category": 7,
    "created_at": "2023-07-15",
    "updated_at": "2023-07-15"
  }
},
{
  "model": "catalog.game",
  "pk": 50,
  "fields": {
    "title": "Взрывные котята 18+",
    "description": "\nLorem Ipsum - это текст-\"рыба\", часто используемый в печати и вэб-дизайне. Lorem Ipsum является стандартной \"рыбой\" для текстов на латинице с начала XVI века. В то время некий безымянный печатник создал большую коллекцию размеров и форм шрифтов, используя Lorem Ipsum для распечатки образцов. Lorem Ipsum не только успешно пережил без заметных изменений пять веков, но и перешагнул в электронный дизайн. Его популяризации в новое время послужили публикация листов Letraset с образцами Lorem Ipsum в 60-х годах и, в более недавнее время, программы электронной вёрстки типа Aldus PageMaker, в шаблонах которых используется Lorem Ipsum.\n",
    "slug": "vzryvnye-kotiata-18",
    "image": "https://hobbygames.ru/image/cache/hobbygames_beta/data/HobbyWorld/Explosive_Kitten/18/Kotyata18_00-209x273.jpg",
    "price": "990.00",
    "number_of_persons": "2-5",
    "duration": "15",
    "age_limit": 18,
    "quantity": 1,
    "availability": true,
    "number_of_views": 0,
    "number_of_sales": 0,
    "category": 11,
    "created_at": "2023-07-15",
    "updated_at": "2023-07-15"
  }
},
{
  "model": "catalog.game",
  "pk": 51,
  "fields": {
    "title": "Мор (Утопия) ",
    "description": "\nLorem Ipsum - это текст-\"рыба\", часто используемый в печати и вэб-дизайне. Lorem Ipsum является стандартной \"рыбой\" для текстов на латинице с начала XVI века. В то время некий безымянный печатник создал большую коллекцию размеров и форм шрифтов, используя Lorem Ipsum для распечатки образцов. Lorem Ipsum не только успешно пережил без заметных изменений пять веков, но и перешагнул в электронный дизайн. Его популяризации в новое время послужили публикация листов Letraset с образцами Lorem Ipsum в 60-х годах и, в более недавнее время, программы электронной вёрстки типа Aldus PageMaker, в шаблонах которых используется Lorem Ipsum.\n",
    "slug": "mor-utopiia",
    "image": "https://hobbygames.ru/image/cache/hobbygames_beta/data/Fabrika_Igr/Mor/Mor_Utopia-209x273.jpg",
    "price": "2990.00",
    "number_of_persons": "2-4",
    "duration": "40",
    "age_limit": 16,
    "quantity": 1,
    "availability": true,
    "number_of_views": 5,
    "number_of_sales": 0,
    "category": 7,
    "created_at": "2023-07-15",
    "updated_at": "2023-07-20"
  }
},
{
  "model": "catalog.game",
  "pk": 52,
  "fields": {
    "title": "Индустрия",
    "description": "\nLorem Ipsum - это текст-\"рыба\", часто используемый в печати и вэб-дизайне. Lorem Ipsum является стандартной \"рыбой\" для текстов на латинице с начала XVI века. В то время некий безымянный печатник создал большую коллекцию размеров и форм шрифтов, используя Lorem Ipsum для распечатки образцов. Lorem Ipsum не только успешно пережил без заметных изменений пять веков, но и перешагнул в электронный дизайн. Его популяризации в новое время послужили публикация листов Letraset с образцами Lorem Ipsum в 60-х годах и, в более недавнее время, программы электронной вёрстки типа Aldus PageMaker, в шаблонах которых используется Lorem Ipsum.\n",
    "slug": "industriia",
    "image": "https://hobbygames.ru/image/cache/hobbygames_beta/data/HobbyWorld/Industrija/Industry_1-209x273.jpg",
    "price": "1990.00",
    "number_of_persons": "2-4",
    "duration": "30",
    "age_limit": 12,
    "quantity": 1,
    "availability": true,
    "number_of_views": 1,
    "number_of_sales": 0,
    "category": 4,
    "created_at": "2023-07-15",
    "updated_at": "2023-07-15"
  }
},
{
  "model": "catalog.game",
  "pk": 53,
  "fields": {
    "title": "Предназначение",
    "description": "\nLorem Ipsum - это текст-\"рыба\", часто используемый в печати и вэб-дизайне. Lorem Ipsum является стандартной \"рыбой\" для текстов на латинице с начала XVI века. В то время некий безымянный печатник создал большую коллекцию размеров и форм шрифтов, используя Lorem Ipsum для распечатки образцов. Lorem Ipsum не только успешно пережил без заметных изменений пять веков, но и перешагнул в электронный дизайн. Его популяризации в новое время послужили публикация листов Letraset с образцами Lorem Ipsum в 60-х годах и, в более недавнее время, программы электронной вёрстки типа Aldus PageMaker, в шаблонах которых используется Lorem Ipsum.\n",
    "slug": "prednaznachenie",
    "image": "https://hobbygames.ru/image/cache/hobbygames_beta/data/HobbyWorld/Destinies/destinies_00-209x273.jpg",
    "price": "4990.00",
    "number_of_persons": "1-3",
    "duration": "120",
    "age_limit": 13,
    "quantity": 1,
    "availability": true,
    "number_of_views": 0,
    "number_of_sales": 0,
    "category": 5,
    "created_at": "2023-07-15",
    "updated_at": "2023-07-15"
  }
},
{
  "model": "catalog.game",
  "pk": 54,
  "fields": {
    "title": "Халлертау",
    "description": "\nLorem Ipsum - это текст-\"рыба\", часто используемый в печати и вэб-дизайне. Lorem Ipsum является стандартной \"рыбой\" для текстов на латинице с начала XVI века. В то время некий безымянный печатник создал большую коллекцию размеров и форм шрифтов, используя Lorem Ipsum для распечатки образцов. Lorem Ipsum не только успешно пережил без заметных изменений пять веков, но и перешагнул в электронный дизайн. Его популяризации в новое время послужили публикация листов Letraset с образцами Lorem Ipsum в 60-х годах и, в более недавнее время, программы электронной вёрстки типа Aldus PageMaker, в шаблонах которых используется Lorem Ipsum.\n",
    "slug": "khallertau",
    "image": "https://hobbygames.ru/image/cache/hobbygames_beta/data/HobbyWorld/Hallertau/Hallertau_00-209x273.jpg",
    "price": "6490.00",
    "number_of_persons": "1-4",
    "duration": "50",
    "age_limit": 12,
    "quantity": 1,
    "availability": true,
    "number_of_views": 0,
    "number_of_sales": 0,
    "category": 5,
    "created_at": "2023-07-15",
    "updated_at": "2023-07-15"
  }
},
{
  "model": "catalog.game",
  "pk": 55,
  "fields": {
    "title": "Unmatched: Битва Легенд. Том первый",
    "description": "\nLorem Ipsum - это текст-\"рыба\", часто используемый в печати и вэб-дизайне. Lorem Ipsum является стандартной \"рыбой\" для текстов на латинице с начала XVI века. В то время некий безымянный печатник создал большую коллекцию размеров и форм шрифтов, используя Lorem Ipsum для распечатки образцов. Lorem Ipsum не только успешно пережил без заметных изменений пять веков, но и перешагнул в электронный дизайн. Его популяризации в новое время послужили публикация листов Letraset с образцами Lorem Ipsum в 60-х годах и, в более недавнее время, программы электронной вёрстки типа Aldus PageMaker, в шаблонах которых используется Lorem Ipsum.\n",
    "slug": "unmatched-bitva-legend-tom-pervyi",
    "image": "https://hobbygames.ru/image/cache/hobbygames_beta/data/Gaga/Unmatched_Bitva_Legend/UnMatched-209x273.jpg",
    "price": "3490.00",
    "number_of_persons": "2-4",
    "duration": "30",
    "age_limit": 9,
    "quantity": 1,
    "availability": true,
    "number_of_views": 1,
    "number_of_sales": 0,
    "category": 9,
    "created_at": "2023-07-15",
    "updated_at": "2023-07-15"
  }
},
{
  "model": "catalog.game",
  "pk": 56,
  "fields": {
    "title": "Эволюция",
    "description": "\nLorem Ipsum - это текст-\"рыба\", часто используемый в печати и вэб-дизайне. Lorem Ipsum является стандартной \"рыбой\" для текстов на латинице с начала XVI века. В то время некий безымянный печатник создал большую коллекцию размеров и форм шрифтов, используя Lorem Ipsum для распечатки образцов. Lorem Ipsum не только успешно пережил без заметных изменений пять веков, но и перешагнул в электронный дизайн. Его популяризации в новое время послужили публикация листов Letraset с образцами Lorem Ipsum в 60-х годах и, в более недавнее время, программы электронной вёрстки типа Aldus PageMaker, в шаблонах которых используется Lorem Ipsum.\n",
    "slug": "evoliutsiia",
    "image": "https://hobbygames.ru/image/cache/hobbygames_beta/data/Pravilnye_igry/Evolution/2020/Evolution-209x273.jpg",
    "price": "1390.00",
    "number_of_persons": "2-4",
    "duration": "30",
    "age_limit": 12,
    "quantity": 1,
    "availability": true,
    "number_of_views": 0,
    "number_of_sales": 0,
    "category": 3,
    "created_at": "2023-07-15",
    "updated_at": "2023-07-15"
  }
},
{
  "model": "catalog.game",
  "pk": 57,
  "fields": {
    "title": "Взрывные котята: Разрывные котята",
    "description": "\nLorem Ipsum - это текст-\"рыба\", часто используемый в печати и вэб-дизайне. Lorem Ipsum является стандартной \"рыбой\" для текстов на латинице с начала XVI века. В то время некий безымянный печатник создал большую коллекцию размеров и форм шрифтов, используя Lorem Ipsum для распечатки образцов. Lorem Ipsum не только успешно пережил без заметных изменений пять веков, но и перешагнул в электронный дизайн. Его популяризации в новое время послужили публикация листов Letraset с образцами Lorem Ipsum в 60-х годах и, в более недавнее время, программы электронной вёрстки типа Aldus PageMaker, в шаблонах которых используется Lorem Ipsum.\n",
    "slug": "vzryvnye-kotiata-razryvnye-kotiata",
    "image": "https://hobbygames.ru/image/cache/hobbygames_beta/data/HobbyWorld/Explosive_Kitten/Imploding_Kittens/imploding_kittens_00-209x273.jpg",
    "price": "990.00",
    "number_of_persons": "2-6",
    "duration": "15",
    "age_limit": 10,
    "quantity": 1,
    "availability": true,
    "number_of_views": 1,
    "number_of_sales": 0,
    "category": 6,
    "created_at": "2023-07-15",
    "updated_at": "2023-07-15"
  }
},
{
  "model": "catalog.game",
  "pk": 58,
  "fields": {
    "title": "Ужас Аркхэма. Карточная игра: Наследие Данвича. Кампания",
    "description": "\nLorem Ipsum - это текст-\"рыба\", часто используемый в печати и вэб-дизайне. Lorem Ipsum является стандартной \"рыбой\" для текстов на латинице с начала XVI века. В то время некий безымянный печатник создал большую коллекцию размеров и форм шрифтов, используя Lorem Ipsum для распечатки образцов. Lorem Ipsum не только успешно пережил без заметных изменений пять веков, но и перешагнул в электронный дизайн. Его популяризации в новое время послужили публикация листов Letraset с образцами Lorem Ipsum в 60-х годах и, в более недавнее время, программы электронной вёрстки типа Aldus PageMaker, в шаблонах которых используется Lorem Ipsum.\n",
    "slug": "uzhas-arkkhema-kartochnaia-igra-nasledie-danvicha-kampaniia",
    "image": "https://hobbygames.ru/image/cache/hobbygames_beta/data/HobbyWorld/Ujas_Arkhema/UA_cardgame/Dunwich_Campaign/HG/Dunwich_Campaign_00-209x273.JPG",
    "price": "3990.00",
    "number_of_persons": "1-4",
    "duration": "60",
    "age_limit": 13,
    "quantity": 1,
    "availability": true,
    "number_of_views": 1,
    "number_of_sales": 0,
    "category": 5,
    "created_at": "2023-07-15",
    "updated_at": "2023-07-15"
  }
},
{
  "model": "catalog.game",
  "pk": 59,
  "fields": {
    "title": "Иниш",
    "description": "\nLorem Ipsum - это текст-\"рыба\", часто используемый в печати и вэб-дизайне. Lorem Ipsum является стандартной \"рыбой\" для текстов на латинице с начала XVI века. В то время некий безымянный печатник создал большую коллекцию размеров и форм шрифтов, используя Lorem Ipsum для распечатки образцов. Lorem Ipsum не только успешно пережил без заметных изменений пять веков, но и перешагнул в электронный дизайн. Его популяризации в новое время послужили публикация листов Letraset с образцами Lorem Ipsum в 60-х годах и, в более недавнее время, программы электронной вёрстки типа Aldus PageMaker, в шаблонах которых используется Lorem Ipsum.\n",
    "slug": "inish",
    "image": "https://hobbygames.ru/image/cache/hobbygames_beta/data/Lavka_Games/Inish/Inish-209x273.jpg",
    "price": "5490.00",
    "number_of_persons": "2-4",
    "duration": "60",
    "age_limit": 12,
    "quantity": 1,
    "availability": true,
    "number_of_views": 2,
    "number_of_sales": 0,
    "category": 4,
    "created_at": "2023-07-15",
    "updated_at": "2023-07-15"
  }
},
{
  "model": "catalog.game",
  "pk": 60,
  "fields": {
    "title": "Инициатива",
    "description": "\nLorem Ipsum - это текст-\"рыба\", часто используемый в печати и вэб-дизайне. Lorem Ipsum является стандартной \"рыбой\" для текстов на латинице с начала XVI века. В то время некий безымянный печатник создал большую коллекцию размеров и форм шрифтов, используя Lorem Ipsum для распечатки образцов. Lorem Ipsum не только успешно пережил без заметных изменений пять веков, но и перешагнул в электронный дизайн. Его популяризации в новое время послужили публикация листов Letraset с образцами Lorem Ipsum в 60-х годах и, в более недавнее время, программы электронной вёрстки типа Aldus PageMaker, в шаблонах которых используется Lorem Ipsum.\n",
    "slug": "initsiativa",
    "image": "https://hobbygames.ru/image/cache/hobbygames_beta/data/HobbyWorld/Initiative/Photos/Initiative00-209x273.jpg",
    "price": "4990.00",
    "number_of_persons": "1-4",
    "duration": "30",
    "age_limit": 8,
    "quantity": 1,
    "availability": true,
    "number_of_views": 3,
    "number_of_sales": 0,
    "category": 6,
    "created_at": "2023-07-15",
    "updated_at": "2023-07-15"
  }
},
{
  "model": "catalog.game",
  "pk": 61,
  "fields": {
    "title": "Steam. Железнодорожный магнат",
    "description": "\nLorem Ipsum - это текст-\"рыба\", часто используемый в печати и вэб-дизайне. Lorem Ipsum является стандартной \"рыбой\" для текстов на латинице с начала XVI века. В то время некий безымянный печатник создал большую коллекцию размеров и форм шрифтов, используя Lorem Ipsum для распечатки образцов. Lorem Ipsum не только успешно пережил без заметных изменений пять веков, но и перешагнул в электронный дизайн. Его популяризации в новое время послужили публикация листов Letraset с образцами Lorem Ipsum в 60-х годах и, в более недавнее время, программы электронной вёрстки типа Aldus PageMaker, в шаблонах которых используется Lorem Ipsum.\n",
    "slug": "steam-zheleznodorozhnyi-magnat",
    "image": "https://hobbygames.ru/image/cache/hobbygames_beta/data/HobbyWorld/Steam/Steam00-209x273.jpg",
    "price": "3490.00",
    "number_of_persons": "3-5",
    "duration": "90",
    "age_limit": 12,
    "quantity": 1,
    "availability": true,
    "number_of_views": 2,
    "number_of_sales": 0,
    "category": 3,
    "created_at": "2023-07-15",
    "updated_at": "2023-07-16"
  }
},
{
  "model": "catalog.game",
  "pk": 62,
  "fields": {
    "title": "ЗБС: Злобная, бесстыжая, смешная игра",
    "description": "\nLorem Ipsum - это текст-\"рыба\", часто используемый в печати и вэб-дизайне. Lorem Ipsum является стандартной \"рыбой\" для текстов на латинице с начала XVI века. В то время некий безымянный печатник создал большую коллекцию размеров и форм шрифтов, используя Lorem Ipsum для распечатки образцов. Lorem Ipsum не только успешно пережил без заметных изменений пять веков, но и перешагнул в электронный дизайн. Его популяризации в новое время послужили публикация листов Letraset с образцами Lorem Ipsum в 60-х годах и, в более недавнее время, программы электронной вёрстки типа Aldus PageMaker, в шаблонах которых используется Lorem Ipsum.\n",
    "slug": "zbs-zlobnaia-besstyzhaia-smeshnaia-igra",
    "image": "https://hobbygames.ru/image/cache/hobbygames_beta/data/Magellan/ZBS_Zlobnaja_Besstizhaja_Smeshnaja/zbs_00-209x273.jpg",
    "price": "990.00",
    "number_of_persons": "2-8",
    "duration": "40",
    "age_limit": 18,
    "quantity": 1,
    "availability": true,
    "number_of_views": 1,
    "number_of_sales": 0,
    "category": 3,
    "created_at": "2023-07-15",
    "updated_at": "2023-07-15"
  }
},
{
  "model": "catalog.game",
  "pk": 63,
  "fields": {
    "title": "Мемы: Весело и в точку!",
    "description": "\nLorem Ipsum - это текст-\"рыба\", часто используемый в печати и вэб-дизайне. Lorem Ipsum является стандартной \"рыбой\" для текстов на латинице с начала XVI века. В то время некий безымянный печатник создал большую коллекцию размеров и форм шрифтов, используя Lorem Ipsum для распечатки образцов. Lorem Ipsum не только успешно пережил без заметных изменений пять веков, но и перешагнул в электронный дизайн. Его популяризации в новое время послужили публикация листов Letraset с образцами Lorem Ipsum в 60-х годах и, в более недавнее время, программы электронной вёрстки типа Aldus PageMaker, в шаблонах которых используется Lorem Ipsum.\n",
    "slug": "memy-veselo-i-v-tochku",
    "image": "https://hobbygames.ru/image/cache/hobbygames_beta/data/Ekonomikuc/Mems/memy-209x273.JPG",
    "price": "1490.00",
    "number_of_persons": "2",
    "duration": "15",
    "age_limit": 18,
    "quantity": 1,
    "availability": true,
    "number_of_views": 0,
    "number_of_sales": 0,
    "category": 5,
    "created_at": "2023-07-15",
    "updated_at": "2023-07-15"
  }
},
{
  "model": "catalog.game",
  "pk": 64,
  "fields": {
    "title": "Fallout: Новая Калифорния",
    "description": "\nLorem Ipsum - это текст-\"рыба\", часто используемый в печати и вэб-дизайне. Lorem Ipsum является стандартной \"рыбой\" для текстов на латинице с начала XVI века. В то время некий безымянный печатник создал большую коллекцию размеров и форм шрифтов, используя Lorem Ipsum для распечатки образцов. Lorem Ipsum не только успешно пережил без заметных изменений пять веков, но и перешагнул в электронный дизайн. Его популяризации в новое время послужили публикация листов Letraset с образцами Lorem Ipsum в 60-х годах и, в более недавнее время, программы электронной вёрстки типа Aldus PageMaker, в шаблонах которых используется Lorem Ipsum.\n",
    "slug": "fallout-novaia-kaliforniia",
    "image": "https://hobbygames.ru/image/cache/hobbygames_beta/data/HobbyWorld/Fallout/New_California/FalloutCalifornia3d_box-209x273.jpg",
    "price": "3490.00",
    "number_of_persons": "1-4",
    "duration": "120",
    "age_limit": 14,
    "quantity": 1,
    "availability": true,
    "number_of_views": 0,
    "number_of_sales": 0,
    "category": 4,
    "created_at": "2023-07-15",
    "updated_at": "2023-07-15"
  }
},
{
  "model": "catalog.game",
  "pk": 65,
  "fields": {
    "title": "Сумерки империи. Четвёртая редакция: Пророчество королей",
    "description": "\nLorem Ipsum - это текст-\"рыба\", часто используемый в печати и вэб-дизайне. Lorem Ipsum является стандартной \"рыбой\" для текстов на латинице с начала XVI века. В то время некий безымянный печатник создал большую коллекцию размеров и форм шрифтов, используя Lorem Ipsum для распечатки образцов. Lorem Ipsum не только успешно пережил без заметных изменений пять веков, но и перешагнул в электронный дизайн. Его популяризации в новое время послужили публикация листов Letraset с образцами Lorem Ipsum в 60-х годах и, в более недавнее время, программы электронной вёрстки типа Aldus PageMaker, в шаблонах которых используется Lorem Ipsum.\n",
    "slug": "sumerki-imperii-chetviortaia-redaktsiia-prorochestvo-korolei",
    "image": "https://hobbygames.ru/image/cache/hobbygames_beta/data/HobbyWorld/Symerki_imperii_prorochestvo_korolei/Symerki_prorochestvo_korolei_00-209x273.jpg",
    "price": "8990.00",
    "number_of_persons": "3-8",
    "duration": "240",
    "age_limit": 13,
    "quantity": 1,
    "availability": true,
    "number_of_views": 3,
    "number_of_sales": 0,
    "category": 11,
    "created_at": "2023-07-15",
    "updated_at": "2023-07-15"
  }
},
{
  "model": "catalog.game",
  "pk": 66,
  "fields": {
    "title": "Эпичные схватки боевых магов: Крутагидон. Экстремально острый чипсихоз",
    "description": "\nLorem Ipsum - это текст-\"рыба\", часто используемый в печати и вэб-дизайне. Lorem Ipsum является стандартной \"рыбой\" для текстов на латинице с начала XVI века. В то время некий безымянный печатник создал большую коллекцию размеров и форм шрифтов, используя Lorem Ipsum для распечатки образцов. Lorem Ipsum не только успешно пережил без заметных изменений пять веков, но и перешагнул в электронный дизайн. Его популяризации в новое время послужили публикация листов Letraset с образцами Lorem Ipsum в 60-х годах и, в более недавнее время, программы электронной вёрстки типа Aldus PageMaker, в шаблонах которых используется Lorem Ipsum.\n",
    "slug": "epichnye-skhvatki-boevykh-magov-krutagidon-ekstremalno-ostryi-chipsikhoz",
    "image": "https://hobbygames.ru/image/cache/hobbygames_beta/data/HobbyWorld/Shvatki_Magov/Krutagidon_Chipsihoz/HG/krutogidon_extrimalno_ostriy_chipsio-209x273.jpg",
    "price": "1990.00",
    "number_of_persons": "2-5",
    "duration": "45",
    "age_limit": 18,
    "quantity": 1,
    "availability": true,
    "number_of_views": 0,
    "number_of_sales": 0,
    "category": 4,
    "created_at": "2023-07-15",
    "updated_at": "2023-07-15"
  }
},
{
  "model": "catalog.game",
  "pk": 67,
  "fields": {
    "title": "Пандемия: World of Warcraft",
    "description": "\nLorem Ipsum - это текст-\"рыба\", часто используемый в печати и вэб-дизайне. Lorem Ipsum является стандартной \"рыбой\" для текстов на латинице с начала XVI века. В то время некий безымянный печатник создал большую коллекцию размеров и форм шрифтов, используя Lorem Ipsum для распечатки образцов. Lorem Ipsum не только успешно пережил без заметных изменений пять веков, но и перешагнул в электронный дизайн. Его популяризации в новое время послужили публикация листов Letraset с образцами Lorem Ipsum в 60-х годах и, в более недавнее время, программы электронной вёрстки типа Aldus PageMaker, в шаблонах которых используется Lorem Ipsum.\n",
    "slug": "pandemiia-world-of-warcraft",
    "image": "https://hobbygames.ru/image/cache/hobbygames_beta/data/Style_Jizny/Pandemia/World_of_Warcraft/pandemic_world_of_warcraft_00-209x273.jpg",
    "price": "5490.00",
    "number_of_persons": "1-5",
    "duration": "45",
    "age_limit": 14,
    "quantity": 1,
    "availability": true,
    "number_of_views": 2,
    "number_of_sales": 0,
    "category": 10,
    "created_at": "2023-07-15",
    "updated_at": "2023-07-15"
  }
},
{
  "model": "catalog.game",
  "pk": 68,
  "fields": {
    "title": "Ляпсус",
    "description": "\nLorem Ipsum - это текст-\"рыба\", часто используемый в печати и вэб-дизайне. Lorem Ipsum является стандартной \"рыбой\" для текстов на латинице с начала XVI века. В то время некий безымянный печатник создал большую коллекцию размеров и форм шрифтов, используя Lorem Ipsum для распечатки образцов. Lorem Ipsum не только успешно пережил без заметных изменений пять веков, но и перешагнул в электронный дизайн. Его популяризации в новое время послужили публикация листов Letraset с образцами Lorem Ipsum в 60-х годах и, в более недавнее время, программы электронной вёрстки типа Aldus PageMaker, в шаблонах которых используется Lorem Ipsum.\n",
    "slug": "liapsus",
    "image": "https://hobbygames.ru/image/cache/hobbygames_beta/data/Magellan/Lapsus/HG/lyapsus_00-209x273.JPG",
    "price": "490.00",
    "number_of_persons": "2-8",
    "duration": "20",
    "age_limit": 8,
    "quantity": 1,
    "availability": true,
    "number_of_views": 4,
    "number_of_sales": 0,
    "category": 6,
    "created_at": "2023-07-15",
    "updated_at": "2023-07-15"
  }
},
{
  "model": "catalog.game",
  "pk": 69,
  "fields": {
    "title": "Море, соль, бумага",
    "description": "\nLorem Ipsum - это текст-\"рыба\", часто используемый в печати и вэб-дизайне. Lorem Ipsum является стандартной \"рыбой\" для текстов на латинице с начала XVI века. В то время некий безымянный печатник создал большую коллекцию размеров и форм шрифтов, используя Lorem Ipsum для распечатки образцов. Lorem Ipsum не только успешно пережил без заметных изменений пять веков, но и перешагнул в электронный дизайн. Его популяризации в новое время послужили публикация листов Letraset с образцами Lorem Ipsum в 60-х годах и, в более недавнее время, программы электронной вёрстки типа Aldus PageMaker, в шаблонах которых используется Lorem Ipsum.\n",
    "slug": "more-sol-bumaga",
    "image": "https://hobbygames.ru/image/cache/hobbygames_beta/data/Fabrika_Igr/More_sol_bumaga/HG/moresol_00-209x273.JPG",
    "price": "790.00",
    "number_of_persons": "2-4",
    "duration": "30",
    "age_limit": 8,
    "quantity": 1,
    "availability": true,
    "number_of_views": 0,
    "number_of_sales": 0,
    "category": 8,
    "created_at": "2023-07-15",
    "updated_at": "2023-07-15"
  }
},
{
  "model": "catalog.game",
  "pk": 70,
  "fields": {
    "title": "7 чудес: Дуэль",
    "description": "\nLorem Ipsum - это текст-\"рыба\", часто используемый в печати и вэб-дизайне. Lorem Ipsum является стандартной \"рыбой\" для текстов на латинице с начала XVI века. В то время некий безымянный печатник создал большую коллекцию размеров и форм шрифтов, используя Lorem Ipsum для распечатки образцов. Lorem Ipsum не только успешно пережил без заметных изменений пять веков, но и перешагнул в электронный дизайн. Его популяризации в новое время послужили публикация листов Letraset с образцами Lorem Ipsum в 60-х годах и, в более недавнее время, программы электронной вёрстки типа Aldus PageMaker, в шаблонах которых используется Lorem Ipsum.\n",
    "slug": "7-chudes-duel",
    "image": "https://hobbygames.ru/image/cache/hobbygames_beta/data/Style_Jizny/7_wonders_Duel_ru/7_wonders_Duel_ru-209x273.jpg",
    "price": "2490.00",
    "number_of_persons": "2",
    "duration": "30",
    "age_limit": 10,
    "quantity": 1,
    "availability": true,
    "number_of_views": 0,
    "number_of_sales": 0,
    "category": 8,
    "created_at": "2023-07-15",
    "updated_at": "2023-07-15"
  }
},
{
  "model": "catalog.game",
  "pk": 71,
  "fields": {
    "title": "Царства зверей",
    "description": "\nLorem Ipsum - это текст-\"рыба\", часто используемый в печати и вэб-дизайне. Lorem Ipsum является стандартной \"рыбой\" для текстов на латинице с начала XVI века. В то время некий безымянный печатник создал большую коллекцию размеров и форм шрифтов, используя Lorem Ipsum для распечатки образцов. Lorem Ipsum не только успешно пережил без заметных изменений пять веков, но и перешагнул в электронный дизайн. Его популяризации в новое время послужили публикация листов Letraset с образцами Lorem Ipsum в 60-х годах и, в более недавнее время, программы электронной вёрстки типа Aldus PageMaker, в шаблонах которых используется Lorem Ipsum.\n",
    "slug": "tsarstva-zverei",
    "image": "https://hobbygames.ru/image/cache/hobbygames_beta/data/Magellan/Animal_Kingdoms/HG/Carstva_zverej00-209x273.JPG",
    "price": "1990.00",
    "number_of_persons": "1-5",
    "duration": "45",
    "age_limit": 10,
    "quantity": 1,
    "availability": true,
    "number_of_views": 0,
    "number_of_sales": 0,
    "category": 4,
    "created_at": "2023-07-15",
    "updated_at": "2023-07-15"
  }
},
{
  "model": "catalog.game",
  "pk": 72,
  "fields": {
    "title": "Pathfinder. Карточная игра. Базовый набор",
    "description": "\nLorem Ipsum - это текст-\"рыба\", часто используемый в печати и вэб-дизайне. Lorem Ipsum является стандартной \"рыбой\" для текстов на латинице с начала XVI века. В то время некий безымянный печатник создал большую коллекцию размеров и форм шрифтов, используя Lorem Ipsum для распечатки образцов. Lorem Ipsum не только успешно пережил без заметных изменений пять веков, но и перешагнул в электронный дизайн. Его популяризации в новое время послужили публикация листов Letraset с образцами Lorem Ipsum в 60-х годах и, в более недавнее время, программы электронной вёрстки типа Aldus PageMaker, в шаблонах которых используется Lorem Ipsum.\n",
    "slug": "pathfinder-kartochnaia-igra-bazovyi-nabor",
    "image": "https://hobbygames.ru/image/cache/hobbygames_beta/data/HobbyWorld/Pathfinder/Base_Set/Pathfinder_CG_base_1-209x273.jpg",
    "price": "4490.00",
    "number_of_persons": "1-4",
    "duration": "90",
    "age_limit": 13,
    "quantity": 1,
    "availability": true,
    "number_of_views": 0,
    "number_of_sales": 0,
    "category": 10,
    "created_at": "2023-07-15",
    "updated_at": "2023-07-15"
  }
},
{
  "model": "catalog.game",
  "pk": 73,
  "fields": {
    "title": "Звёздные Войны: Внешнее кольцо",
    "description": "\nLorem Ipsum - это текст-\"рыба\", часто используемый в печати и вэб-дизайне. Lorem Ipsum является стандартной \"рыбой\" для текстов на латинице с начала XVI века. В то время некий безымянный печатник создал большую коллекцию размеров и форм шрифтов, используя Lorem Ipsum для распечатки образцов. Lorem Ipsum не только успешно пережил без заметных изменений пять веков, но и перешагнул в электронный дизайн. Его популяризации в новое время послужили публикация листов Letraset с образцами Lorem Ipsum в 60-х годах и, в более недавнее время, программы электронной вёрстки типа Aldus PageMaker, в шаблонах которых используется Lorem Ipsum.\n",
    "slug": "zviozdnye-voiny-vneshnee-koltso",
    "image": "https://hobbygames.ru/image/cache/hobbygames_beta/data/HobbyWorld/Star_Wars_Outer_Rim/SWOuterRim_Box3D-roznica-209x273.jpg",
    "price": "5990.00",
    "number_of_persons": "1-4",
    "duration": "120",
    "age_limit": 13,
    "quantity": 1,
    "availability": true,
    "number_of_views": 1,
    "number_of_sales": 0,
    "category": 8,
    "created_at": "2023-07-15",
    "updated_at": "2023-07-15"
  }
},
{
  "model": "catalog.game",
  "pk": 74,
  "fields": {
    "title": "Каркассон: Юбилейное издание",
    "description": "\nLorem Ipsum - это текст-\"рыба\", часто используемый в печати и вэб-дизайне. Lorem Ipsum является стандартной \"рыбой\" для текстов на латинице с начала XVI века. В то время некий безымянный печатник создал большую коллекцию размеров и форм шрифтов, используя Lorem Ipsum для распечатки образцов. Lorem Ipsum не только успешно пережил без заметных изменений пять веков, но и перешагнул в электронный дизайн. Его популяризации в новое время послужили публикация листов Letraset с образцами Lorem Ipsum в 60-х годах и, в более недавнее время, программы электронной вёрстки типа Aldus PageMaker, в шаблонах которых используется Lorem Ipsum.\n",
    "slug": "karkasson-iubileinoe-izdanie",
    "image": "https://hobbygames.ru/image/cache/hobbygames_beta/data/HobbyWorld/Karkasson_Jubilejnoe_izdanie/karkasson_jubilejnoe_izdanie_00-209x273.jpg",
    "price": "2990.00",
    "number_of_persons": "2-5",
    "duration": "35",
    "age_limit": 7,
    "quantity": 1,
    "availability": true,
    "number_of_views": 0,
    "number_of_sales": 0,
    "category": 7,
    "created_at": "2023-07-15",
    "updated_at": "2023-07-15"
  }
},
{
  "model": "catalog.game",
  "pk": 75,
  "fields": {
    "title": "Война Кольца: Второе издание",
    "description": "\nLorem Ipsum - это текст-\"рыба\", часто используемый в печати и вэб-дизайне. Lorem Ipsum является стандартной \"рыбой\" для текстов на латинице с начала XVI века. В то время некий безымянный печатник создал большую коллекцию размеров и форм шрифтов, используя Lorem Ipsum для распечатки образцов. Lorem Ipsum не только успешно пережил без заметных изменений пять веков, но и перешагнул в электронный дизайн. Его популяризации в новое время послужили публикация листов Letraset с образцами Lorem Ipsum в 60-х годах и, в более недавнее время, программы электронной вёрстки типа Aldus PageMaker, в шаблонах которых используется Lorem Ipsum.\n",
    "slug": "voina-koltsa-vtoroe-izdanie",
    "image": "https://hobbygames.ru/image/cache/hobbygames_beta/data/Gaga/War_of_the_Ring/hg/Voina_Kolca-209x273.jpg",
    "price": "7990.00",
    "number_of_persons": "2-4",
    "duration": "180",
    "age_limit": 13,
    "quantity": 1,
    "availability": true,
    "number_of_views": 3,
    "number_of_sales": 0,
    "category": 9,
    "created_at": "2023-07-15",
    "updated_at": "2023-07-16"
  }
},
{
  "model": "catalog.game",
  "pk": 76,
  "fields": {
    "title": "Битоку",
    "description": "\nLorem Ipsum - это текст-\"рыба\", часто используемый в печати и вэб-дизайне. Lorem Ipsum является стандартной \"рыбой\" для текстов на латинице с начала XVI века. В то время некий безымянный печатник создал большую коллекцию размеров и форм шрифтов, используя Lorem Ipsum для распечатки образцов. Lorem Ipsum не только успешно пережил без заметных изменений пять веков, но и перешагнул в электронный дизайн. Его популяризации в новое время послужили публикация листов Letraset с образцами Lorem Ipsum в 60-х годах и, в более недавнее время, программы электронной вёрстки типа Aldus PageMaker, в шаблонах которых используется Lorem Ipsum.\n",
    "slug": "bitoku",
    "image": "https://hobbygames.ru/image/cache/hobbygames_beta/data/HobbyWorld/Bitoku/HG/bitoku-209x273.jpg",
    "price": "4990.00",
    "number_of_persons": "1-4",
    "duration": "120",
    "age_limit": 13,
    "quantity": 1,
    "availability": true,
    "number_of_views": 5,
    "number_of_sales": 0,
    "category": 4,
    "created_at": "2023-07-15",
    "updated_at": "2023-07-16"
  }
},
{
  "model": "catalog.game",
  "pk": 77,
  "fields": {
    "title": "Властелин колец. Странствия в Средиземье: Ветер войны",
    "description": "\nLorem Ipsum - это текст-\"рыба\", часто используемый в печати и вэб-дизайне. Lorem Ipsum является стандартной \"рыбой\" для текстов на латинице с начала XVI века. В то время некий безымянный печатник создал большую коллекцию размеров и форм шрифтов, используя Lorem Ipsum для распечатки образцов. Lorem Ipsum не только успешно пережил без заметных изменений пять веков, но и перешагнул в электронный дизайн. Его популяризации в новое время послужили публикация листов Letraset с образцами Lorem Ipsum в 60-х годах и, в более недавнее время, программы электронной вёрстки типа Aldus PageMaker, в шаблонах которых используется Lorem Ipsum.\n",
    "slug": "vlastelin-kolets-stranstviia-v-sredizeme-veter-voiny",
    "image": "https://hobbygames.ru/image/cache/hobbygames_beta/data/HobbyWorld/LOTR_stranstviya_v_sredizemye/Veter_Voiny/HG/vlsstelin_kolec_stranstviya_v_sredizemie_veter_voyni_000-209x273.jpg",
    "price": "5490.00",
    "number_of_persons": "1-5",
    "duration": "60",
    "age_limit": 13,
    "quantity": 1,
    "availability": true,
    "number_of_views": 0,
    "number_of_sales": 0,
    "category": 6,
    "created_at": "2023-07-15",
    "updated_at": "2023-07-15"
  }
},
{
  "model": "catalog.game",
  "pk": 78,
  "fields": {
    "title": "Тайны Аркхэма",
    "description": "\nLorem Ipsum - это текст-\"рыба\", часто используемый в печати и вэб-дизайне. Lorem Ipsum является стандартной \"рыбой\" для текстов на латинице с начала XVI века. В то время некий безымянный печатник создал большую коллекцию размеров и форм шрифтов, используя Lorem Ipsum для распечатки образцов. Lorem Ipsum не только успешно пережил без заметных изменений пять веков, но и перешагнул в электронный дизайн. Его популяризации в новое время послужили публикация листов Letraset с образцами Lorem Ipsum в 60-х годах и, в более недавнее время, программы электронной вёрстки типа Aldus PageMaker, в шаблонах которых используется Lorem Ipsum.\n",
    "slug": "tainy-arkkhema",
    "image": "https://hobbygames.ru/image/cache/hobbygames_beta/data/HobbyWorld/Tainy_Arkhama/Tajny_Arkkhehma00-209x273.jpg",
    "price": "2990.00",
    "number_of_persons": "1-8",
    "duration": "60",
    "age_limit": 13,
    "quantity": 1,
    "availability": true,
    "number_of_views": 10,
    "number_of_sales": 0,
    "category": 8,
    "created_at": "2023-07-15",
    "updated_at": "2023-07-19"
  }
},
{
  "model": "catalog.game",
  "pk": 79,
  "fields": {
    "title": "Ужас Аркхэма. Карточная игра: Капля, поглотившая всё",
    "description": "\nLorem Ipsum - это текст-\"рыба\", часто используемый в печати и вэб-дизайне. Lorem Ipsum является стандартной \"рыбой\" для текстов на латинице с начала XVI века. В то время некий безымянный печатник создал большую коллекцию размеров и форм шрифтов, используя Lorem Ipsum для распечатки образцов. Lorem Ipsum не только успешно пережил без заметных изменений пять веков, но и перешагнул в электронный дизайн. Его популяризации в новое время послужили публикация листов Letraset с образцами Lorem Ipsum в 60-х годах и, в более недавнее время, программы электронной вёрстки типа Aldus PageMaker, в шаблонах которых используется Lorem Ipsum.\n",
    "slug": "uzhas-arkkhema-kartochnaia-igra-kaplia-poglotivshaia-vsio",
    "image": "https://hobbygames.ru/image/cache/hobbygames_beta/data/HobbyWorld/Ujas_Arkhema/UA_cardgame/The_Blob_That_Ate_Everything/HG/Uzhas_Arkkhehma_Kartochnaya_igra_Kaplya_poglotivshaya_vsyo00-209x273.JPG",
    "price": "990.00",
    "number_of_persons": "1-4",
    "duration": "60",
    "age_limit": 13,
    "quantity": 1,
    "availability": true,
    "number_of_views": 0,
    "number_of_sales": 0,
    "category": 5,
    "created_at": "2023-07-15",
    "updated_at": "2023-07-15"
  }
},
{
  "model": "catalog.game",
  "pk": 80,
  "fields": {
    "title": "Звёздные империи: Фронтир",
    "description": "\nLorem Ipsum - это текст-\"рыба\", часто используемый в печати и вэб-дизайне. Lorem Ipsum является стандартной \"рыбой\" для текстов на латинице с начала XVI века. В то время некий безымянный печатник создал большую коллекцию размеров и форм шрифтов, используя Lorem Ipsum для распечатки образцов. Lorem Ipsum не только успешно пережил без заметных изменений пять веков, но и перешагнул в электронный дизайн. Его популяризации в новое время послужили публикация листов Letraset с образцами Lorem Ipsum в 60-х годах и, в более недавнее время, программы электронной вёрстки типа Aldus PageMaker, в шаблонах которых используется Lorem Ipsum.\n",
    "slug": "zviozdnye-imperii-frontir",
    "image": "https://hobbygames.ru/image/cache/hobbygames_beta/data/HobbyWorld/Zvezdnye_Imperii/Frontir/zvezdnye_imperii_frontir_00-209x273.jpg",
    "price": "990.00",
    "number_of_persons": "1-4",
    "duration": "30",
    "age_limit": 12,
    "quantity": 1,
    "availability": true,
    "number_of_views": 0,
    "number_of_sales": 0,
    "category": 8,
    "created_at": "2023-07-15",
    "updated_at": "2023-07-15"
  }
},
{
  "model": "catalog.game",
  "pk": 81,
  "fields": {
    "title": "Shadow Fight: Битва демонов",
    "description": "\nLorem Ipsum - это текст-\"рыба\", часто используемый в печати и вэб-дизайне. Lorem Ipsum является стандартной \"рыбой\" для текстов на латинице с начала XVI века. В то время некий безымянный печатник создал большую коллекцию размеров и форм шрифтов, используя Lorem Ipsum для распечатки образцов. Lorem Ipsum не только успешно пережил без заметных изменений пять веков, но и перешагнул в электронный дизайн. Его популяризации в новое время послужили публикация листов Letraset с образцами Lorem Ipsum в 60-х годах и, в более недавнее время, программы электронной вёрстки типа Aldus PageMaker, в шаблонах которых используется Lorem Ipsum.\n",
    "slug": "shadow-fight-bitva-demonov",
    "image": "https://hobbygames.ru/image/cache/hobbygames_beta/data/HobbyWorld/Shadow_Fight/HG/shadow_fight_bitva_demonov-209x273.jpg",
    "price": "490.00",
    "number_of_persons": "2-4",
    "duration": "20",
    "age_limit": 8,
    "quantity": 1,
    "availability": true,
    "number_of_views": 1,
    "number_of_sales": 0,
    "category": 8,
    "created_at": "2023-07-15",
    "updated_at": "2023-07-15"
  }
},
{
  "model": "catalog.game",
  "pk": 82,
  "fields": {
    "title": "Трамвай смерти",
    "description": "\nLorem Ipsum - это текст-\"рыба\", часто используемый в печати и вэб-дизайне. Lorem Ipsum является стандартной \"рыбой\" для текстов на латинице с начала XVI века. В то время некий безымянный печатник создал большую коллекцию размеров и форм шрифтов, используя Lorem Ipsum для распечатки образцов. Lorem Ipsum не только успешно пережил без заметных изменений пять веков, но и перешагнул в электронный дизайн. Его популяризации в новое время послужили публикация листов Letraset с образцами Lorem Ipsum в 60-х годах и, в более недавнее время, программы электронной вёрстки типа Aldus PageMaker, в шаблонах которых используется Lorem Ipsum.\n",
    "slug": "tramvai-smerti",
    "image": "https://hobbygames.ru/image/cache/hobbygames_beta/data/Magellan/Tramvay_Smerti/Tramvay_Smerti-209x273.jpg",
    "price": "2490.00",
    "number_of_persons": "3-1-3",
    "duration": "15",
    "age_limit": 18,
    "quantity": 1,
    "availability": true,
    "number_of_views": 2,
    "number_of_sales": 0,
    "category": 9,
    "created_at": "2023-07-15",
    "updated_at": "2023-07-15"
  }
},
{
  "model": "catalog.game",
  "pk": 83,
  "fields": {
    "title": "Робинзон Крузо. Вторая редакция: Приключения на таинственном острове",
    "description": "\nLorem Ipsum - это текст-\"рыба\", часто используемый в печати и вэб-дизайне. Lorem Ipsum является стандартной \"рыбой\" для текстов на латинице с начала XVI века. В то время некий безымянный печатник создал большую коллекцию размеров и форм шрифтов, используя Lorem Ipsum для распечатки образцов. Lorem Ipsum не только успешно пережил без заметных изменений пять веков, но и перешагнул в электронный дизайн. Его популяризации в новое время послужили публикация листов Letraset с образцами Lorem Ipsum в 60-х годах и, в более недавнее время, программы электронной вёрстки типа Aldus PageMaker, в шаблонах которых используется Lorem Ipsum.\n",
    "slug": "robinzon-kruzo-vtoraia-redaktsiia-prikliucheniia-na-tainstvennom-ostrove",
    "image": "https://hobbygames.ru/image/cache/hobbygames_beta/data/HobbyWorld/Robinzon_Kruzo/Robinzon_Kruzo_Vtoraya_Redakciya00-209x273.jpg",
    "price": "4990.00",
    "number_of_persons": "1-4",
    "duration": "60",
    "age_limit": 12,
    "quantity": 1,
    "availability": true,
    "number_of_views": 0,
    "number_of_sales": 0,
    "category": 4,
    "created_at": "2023-07-15",
    "updated_at": "2023-07-15"
  }
},
{
  "model": "catalog.game",
  "pk": 84,
  "fields": {
    "title": "Судный день",
    "description": "\nLorem Ipsum - это текст-\"рыба\", часто используемый в печати и вэб-дизайне. Lorem Ipsum является стандартной \"рыбой\" для текстов на латинице с начала XVI века. В то время некий безымянный печатник создал большую коллекцию размеров и форм шрифтов, используя Lorem Ipsum для распечатки образцов. Lorem Ipsum не только успешно пережил без заметных изменений пять веков, но и перешагнул в электронный дизайн. Его популяризации в новое время послужили публикация листов Letraset с образцами Lorem Ipsum в 60-х годах и, в более недавнее время, программы электронной вёрстки типа Aldus PageMaker, в шаблонах которых используется Lorem Ipsum.\n",
    "slug": "sudnyi-den",
    "image": "https://hobbygames.ru/image/cache/hobbygames_beta/data/Magellan/Sudnyi_den/Sudniy_Den-209x273.jpg",
    "price": "990.00",
    "number_of_persons": "4-1-6",
    "duration": "15",
    "age_limit": 16,
    "quantity": 1,
    "availability": true,
    "number_of_views": 0,
    "number_of_sales": 0,
    "category": 7,
    "created_at": "2023-07-15",
    "updated_at": "2023-07-15"
  }
},
{
  "model": "catalog.game",
  "pk": 85,
  "fields": {
    "title": "Нечто: Из глубокой бездны",
    "description": "\nLorem Ipsum - это текст-\"рыба\", часто используемый в печати и вэб-дизайне. Lorem Ipsum является стандартной \"рыбой\" для текстов на латинице с начала XVI века. В то время некий безымянный печатник создал большую коллекцию размеров и форм шрифтов, используя Lorem Ipsum для распечатки образцов. Lorem Ipsum не только успешно пережил без заметных изменений пять веков, но и перешагнул в электронный дизайн. Его популяризации в новое время послужили публикация листов Letraset с образцами Lorem Ipsum в 60-х годах и, в более недавнее время, программы электронной вёрстки типа Aldus PageMaker, в шаблонах которых используется Lorem Ipsum.\n",
    "slug": "nechto-iz-glubokoi-bezdny",
    "image": "https://hobbygames.ru/image/cache/hobbygames_beta/data/HobbyWorld/Nechto/Nechto00-209x273.jpg",
    "price": "790.00",
    "number_of_persons": "4-1-2",
    "duration": "15",
    "age_limit": 18,
    "quantity": 1,
    "availability": true,
    "number_of_views": 2,
    "number_of_sales": 0,
    "category": 4,
    "created_at": "2023-07-15",
    "updated_at": "2023-07-16"
  }
},
{
  "model": "catalog.game",
  "pk": 86,
  "fields": {
    "title": "Агрикола",
    "description": "\nLorem Ipsum - это текст-\"рыба\", часто используемый в печати и вэб-дизайне. Lorem Ipsum является стандартной \"рыбой\" для текстов на латинице с начала XVI века. В то время некий безымянный печатник создал большую коллекцию размеров и форм шрифтов, используя Lorem Ipsum для распечатки образцов. Lorem Ipsum не только успешно пережил без заметных изменений пять веков, но и перешагнул в электронный дизайн. Его популяризации в новое время послужили публикация листов Letraset с образцами Lorem Ipsum в 60-х годах и, в более недавнее время, программы электронной вёрстки типа Aldus PageMaker, в шаблонах которых используется Lorem Ipsum.\n",
    "slug": "agrikola",
    "image": "https://hobbygames.ru/image/cache/hobbygames_beta/data/HobbyWorld/Agricola/agrikola_3D_roznica-209x273.jpg",
    "price": "5490.00",
    "number_of_persons": "1-4",
    "duration": "90",
    "age_limit": 12,
    "quantity": 1,
    "availability": true,
    "number_of_views": 0,
    "number_of_sales": 0,
    "category": 3,
    "created_at": "2023-07-15",
    "updated_at": "2023-07-15"
  }
},
{
  "model": "catalog.game",
  "pk": 87,
  "fields": {
    "title": "Нечто. Настольная игра: Норвежская станция",
    "description": "\nLorem Ipsum - это текст-\"рыба\", часто используемый в печати и вэб-дизайне. Lorem Ipsum является стандартной \"рыбой\" для текстов на латинице с начала XVI века. В то время некий безымянный печатник создал большую коллекцию размеров и форм шрифтов, используя Lorem Ipsum для распечатки образцов. Lorem Ipsum не только успешно пережил без заметных изменений пять веков, но и перешагнул в электронный дизайн. Его популяризации в новое время послужили публикация листов Letraset с образцами Lorem Ipsum в 60-х годах и, в более недавнее время, программы электронной вёрстки типа Aldus PageMaker, в шаблонах которых используется Lorem Ipsum.\n",
    "slug": "nechto-nastolnaia-igra-norvezhskaia-stantsiia",
    "image": "https://hobbygames.ru/image/cache/hobbygames_beta/data/HobbyWorld/The_Thing/Norwegian_Outpost/norwegian_outpost_00-209x273.jpg",
    "price": "3490.00",
    "number_of_persons": "1-8",
    "duration": "60",
    "age_limit": 18,
    "quantity": 1,
    "availability": true,
    "number_of_views": 0,
    "number_of_sales": 0,
    "category": 9,
    "created_at": "2023-07-15",
    "updated_at": "2023-07-15"
  }
},
{
  "model": "catalog.game",
  "pk": 88,
  "fields": {
    "title": "Зомбицид. Вторая редакция: Хроники выживших. Набор персонажей",
    "description": "\nLorem Ipsum - это текст-\"рыба\", часто используемый в печати и вэб-дизайне. Lorem Ipsum является стандартной \"рыбой\" для текстов на латинице с начала XVI века. В то время некий безымянный печатник создал большую коллекцию размеров и форм шрифтов, используя Lorem Ipsum для распечатки образцов. Lorem Ipsum не только успешно пережил без заметных изменений пять веков, но и перешагнул в электронный дизайн. Его популяризации в новое время послужили публикация листов Letraset с образцами Lorem Ipsum в 60-х годах и, в более недавнее время, программы электронной вёрстки типа Aldus PageMaker, в шаблонах которых используется Lorem Ipsum.\n",
    "slug": "zombitsid-vtoraia-redaktsiia-khroniki-vyzhivshikh-nabor-personazhei",
    "image": "https://hobbygames.ru/image/cache/hobbygames_beta/data/HobbyWorld/Zombicide/Zombicide_2nd_Edition_Chronicles/HG/survivors_00-209x273.JPG",
    "price": "2690.00",
    "number_of_persons": "1-6",
    "duration": "1",
    "age_limit": 18,
    "quantity": 1,
    "availability": true,
    "number_of_views": 0,
    "number_of_sales": 0,
    "category": 5,
    "created_at": "2023-07-15",
    "updated_at": "2023-07-15"
  }
},
{
  "model": "catalog.game",
  "pk": 89,
  "fields": {
    "title": "Нуар",
    "description": "\nLorem Ipsum - это текст-\"рыба\", часто используемый в печати и вэб-дизайне. Lorem Ipsum является стандартной \"рыбой\" для текстов на латинице с начала XVI века. В то время некий безымянный печатник создал большую коллекцию размеров и форм шрифтов, используя Lorem Ipsum для распечатки образцов. Lorem Ipsum не только успешно пережил без заметных изменений пять веков, но и перешагнул в электронный дизайн. Его популяризации в новое время послужили публикация листов Letraset с образцами Lorem Ipsum в 60-х годах и, в более недавнее время, программы электронной вёрстки типа Aldus PageMaker, в шаблонах которых используется Lorem Ipsum.\n",
    "slug": "nuar",
    "image": "https://hobbygames.ru/image/cache/hobbygames_beta/data/Gaga/Nuar/Nuar-209x273.jpg",
    "price": "1090.00",
    "number_of_persons": "2-9",
    "duration": "30",
    "age_limit": 13,
    "quantity": 1,
    "availability": true,
    "number_of_views": 0,
    "number_of_sales": 0,
    "category": 5,
    "created_at": "2023-07-15",
    "updated_at": "2023-07-15"
  }
},
{
  "model": "catalog.game",
  "pk": 90,
  "fields": {
    "title": "Рик и Морти: Всмортить всё",
    "description": "\nLorem Ipsum - это текст-\"рыба\", часто используемый в печати и вэб-дизайне. Lorem Ipsum является стандартной \"рыбой\" для текстов на латинице с начала XVI века. В то время некий безымянный печатник создал большую коллекцию размеров и форм шрифтов, используя Lorem Ipsum для распечатки образцов. Lorem Ipsum не только успешно пережил без заметных изменений пять веков, но и перешагнул в электронный дизайн. Его популяризации в новое время послужили публикация листов Letraset с образцами Lorem Ipsum в 60-х годах и, в более недавнее время, программы электронной вёрстки типа Aldus PageMaker, в шаблонах которых используется Lorem Ipsum.\n",
    "slug": "rik-i-morti-vsmortit-vsio",
    "image": "https://hobbygames.ru/image/cache/hobbygames_beta/data/HobbyWorld/Rick_and_Morty_Vsmortit_Vse/2021/Vsmortit_Vsjo00-209x273.jpg",
    "price": "990.00",
    "number_of_persons": "2-5",
    "duration": "20",
    "age_limit": 18,
    "quantity": 1,
    "availability": true,
    "number_of_views": 0,
    "number_of_sales": 0,
    "category": 11,
    "created_at": "2023-07-15",
    "updated_at": "2023-07-15"
  }
},
{
  "model": "catalog.game",
  "pk": 91,
  "fields": {
    "title": "Космические города",
    "description": "\nLorem Ipsum - это текст-\"рыба\", часто используемый в печати и вэб-дизайне. Lorem Ipsum является стандартной \"рыбой\" для текстов на латинице с начала XVI века. В то время некий безымянный печатник создал большую коллекцию размеров и форм шрифтов, используя Lorem Ipsum для распечатки образцов. Lorem Ipsum не только успешно пережил без заметных изменений пять веков, но и перешагнул в электронный дизайн. Его популяризации в новое время послужили публикация листов Letraset с образцами Lorem Ipsum в 60-х годах и, в более недавнее время, программы электронной вёрстки типа Aldus PageMaker, в шаблонах которых используется Lorem Ipsum.\n",
    "slug": "kosmicheskie-goroda",
    "image": "https://hobbygames.ru/image/cache/hobbygames_beta/data/HobbyWorld/Cosmic_Colonies/hg/Cosmic_Colonies_00-209x273.JPG",
    "price": "2990.00",
    "number_of_persons": "1-5",
    "duration": "30",
    "age_limit": 13,
    "quantity": 1,
    "availability": true,
    "number_of_views": 1,
    "number_of_sales": 0,
    "category": 7,
    "created_at": "2023-07-15",
    "updated_at": "2023-07-15"
  }
},
{
  "model": "catalog.game",
  "pk": 92,
  "fields": {
    "title": "Особняки безумия. Вторая редакция: Зловещие путешествия",
    "description": "\nLorem Ipsum - это текст-\"рыба\", часто используемый в печати и вэб-дизайне. Lorem Ipsum является стандартной \"рыбой\" для текстов на латинице с начала XVI века. В то время некий безымянный печатник создал большую коллекцию размеров и форм шрифтов, используя Lorem Ipsum для распечатки образцов. Lorem Ipsum не только успешно пережил без заметных изменений пять веков, но и перешагнул в электронный дизайн. Его популяризации в новое время послужили публикация листов Letraset с образцами Lorem Ipsum в 60-х годах и, в более недавнее время, программы электронной вёрстки типа Aldus PageMaker, в шаблонах которых используется Lorem Ipsum.\n",
    "slug": "osobniaki-bezumiia-vtoraia-redaktsiia-zloveshchie-puteshestviia",
    "image": "https://hobbygames.ru/image/cache/hobbygames_beta/data/HobbyWorld/Mansion_of_madness/Horrific_Journeys/horrific_journeys_00-209x273.jpg",
    "price": "4990.00",
    "number_of_persons": "1-5",
    "duration": "120",
    "age_limit": 13,
    "quantity": 1,
    "availability": true,
    "number_of_views": 0,
    "number_of_sales": 0,
    "category": 11,
    "created_at": "2023-07-15",
    "updated_at": "2023-07-15"
  }
},
{
  "model": "catalog.game",
  "pk": 93,
  "fields": {
    "title": "Мои чуваки...",
    "description": "\nLorem Ipsum - это текст-\"рыба\", часто используемый в печати и вэб-дизайне. Lorem Ipsum является стандартной \"рыбой\" для текстов на латинице с начала XVI века. В то время некий безымянный печатник создал большую коллекцию размеров и форм шрифтов, используя Lorem Ipsum для распечатки образцов. Lorem Ipsum не только успешно пережил без заметных изменений пять веков, но и перешагнул в электронный дизайн. Его популяризации в новое время послужили публикация листов Letraset с образцами Lorem Ipsum в 60-х годах и, в более недавнее время, программы электронной вёрстки типа Aldus PageMaker, в шаблонах которых используется Lorem Ipsum.\n",
    "slug": "moi-chuvaki",
    "image": "https://hobbygames.ru/image/cache/hobbygames_beta/data/Magellan/Moi_chuvaki/HG/Moi_chuvaki_00-209x273.JPG",
    "price": "1490.00",
    "number_of_persons": "3-1-1",
    "duration": "30",
    "age_limit": 18,
    "quantity": 1,
    "availability": true,
    "number_of_views": 4,
    "number_of_sales": 0,
    "category": 11,
    "created_at": "2023-07-15",
    "updated_at": "2023-07-18"
  }
},
{
  "model": "catalog.game",
  "pk": 94,
  "fields": {
    "title": "Ужас Аркхэма. Карточная игра: Путь в Каркозу. Сыщики",
    "description": "\nLorem Ipsum - это текст-\"рыба\", часто используемый в печати и вэб-дизайне. Lorem Ipsum является стандартной \"рыбой\" для текстов на латинице с начала XVI века. В то время некий безымянный печатник создал большую коллекцию размеров и форм шрифтов, используя Lorem Ipsum для распечатки образцов. Lorem Ipsum не только успешно пережил без заметных изменений пять веков, но и перешагнул в электронный дизайн. Его популяризации в новое время послужили публикация листов Letraset с образцами Lorem Ipsum в 60-х годах и, в более недавнее время, программы электронной вёрстки типа Aldus PageMaker, в шаблонах которых используется Lorem Ipsum.\n",
    "slug": "uzhas-arkkhema-kartochnaia-igra-put-v-karkozu-syshchiki",
    "image": "https://hobbygames.ru/image/cache/hobbygames_beta/data/HobbyWorld/Ujas_Arkhema/UA_cardgame/Put_v_Karkozu/Sishhiki/HG/Carcosa_Sishhiki_00-209x273.JPG",
    "price": "2490.00",
    "number_of_persons": "1-4",
    "duration": "60",
    "age_limit": 13,
    "quantity": 1,
    "availability": true,
    "number_of_views": 2,
    "number_of_sales": 0,
    "category": 10,
    "created_at": "2023-07-15",
    "updated_at": "2023-07-15"
  }
},
{
  "model": "catalog.game",
  "pk": 95,
  "fields": {
    "title": "Мандалорец: Грогу и лягушачьи бега",
    "description": "\nLorem Ipsum - это текст-\"рыба\", часто используемый в печати и вэб-дизайне. Lorem Ipsum является стандартной \"рыбой\" для текстов на латинице с начала XVI века. В то время некий безымянный печатник создал большую коллекцию размеров и форм шрифтов, используя Lorem Ipsum для распечатки образцов. Lorem Ipsum не только успешно пережил без заметных изменений пять веков, но и перешагнул в электронный дизайн. Его популяризации в новое время послужили публикация листов Letraset с образцами Lorem Ipsum в 60-х годах и, в более недавнее время, программы электронной вёрстки типа Aldus PageMaker, в шаблонах которых используется Lorem Ipsum.\n",
    "slug": "mandalorets-grogu-i-liagushachi-bega",
    "image": "https://hobbygames.ru/image/cache/hobbygames_beta/data/HobbyWorld/Grogu_i_ljagushachi_bega/Grogu_i_ljagushachi_bega_00-209x273.jpg",
    "price": "990.00",
    "number_of_persons": "2-4",
    "duration": "15",
    "age_limit": 6,
    "quantity": 1,
    "availability": true,
    "number_of_views": 0,
    "number_of_sales": 0,
    "category": 3,
    "created_at": "2023-07-15",
    "updated_at": "2023-07-15"
  }
},
{
  "model": "catalog.game",
  "pk": 96,
  "fields": {
    "title": "Покорение Марса: Экспедиция ",
    "description": "\nLorem Ipsum - это текст-\"рыба\", часто используемый в печати и вэб-дизайне. Lorem Ipsum является стандартной \"рыбой\" для текстов на латинице с начала XVI века. В то время некий безымянный печатник создал большую коллекцию размеров и форм шрифтов, используя Lorem Ipsum для распечатки образцов. Lorem Ipsum не только успешно пережил без заметных изменений пять веков, но и перешагнул в электронный дизайн. Его популяризации в новое время послужили публикация листов Letraset с образцами Lorem Ipsum в 60-х годах и, в более недавнее время, программы электронной вёрстки типа Aldus PageMaker, в шаблонах которых используется Lorem Ipsum.\n",
    "slug": "pokorenie-marsa-ekspeditsiia",
    "image": "https://hobbygames.ru/image/cache/hobbygames_beta/data/Lavka_Games/Pokorenie_Marsa/Ekspediciya_Ares/HG/Pokorenie_Marsa-209x273.jpg",
    "price": "3490.00",
    "number_of_persons": "1-4",
    "duration": "60",
    "age_limit": 12,
    "quantity": 1,
    "availability": true,
    "number_of_views": 31,
    "number_of_sales": 0,
    "category": 11,
    "created_at": "2023-07-15",
    "updated_at": "2023-07-18"
  }
},
{
  "model": "catalog.game",
  "pk": 97,
  "fields": {
    "title": "Гравити Фолз",
    "description": "\nLorem Ipsum - это текст-\"рыба\", часто используемый в печати и вэб-дизайне. Lorem Ipsum является стандартной \"рыбой\" для текстов на латинице с начала XVI века. В то время некий безымянный печатник создал большую коллекцию размеров и форм шрифтов, используя Lorem Ipsum для распечатки образцов. Lorem Ipsum не только успешно пережил без заметных изменений пять веков, но и перешагнул в электронный дизайн. Его популяризации в новое время послужили публикация листов Letraset с образцами Lorem Ipsum в 60-х годах и, в более недавнее время, программы электронной вёрстки типа Aldus PageMaker, в шаблонах которых используется Lorem Ipsum.\n",
    "slug": "graviti-folz",
    "image": "https://hobbygames.ru/image/cache/hobbygames_beta/data/HobbyWorld/GravityFalls/2020/Gravity_Falls_2020_1-209x273.jpg",
    "price": "2990.00",
    "number_of_persons": "1-5",
    "duration": "45",
    "age_limit": 8,
    "quantity": 1,
    "availability": true,
    "number_of_views": 0,
    "number_of_sales": 0,
    "category": 11,
    "created_at": "2023-07-15",
    "updated_at": "2023-07-15"
  }
},
{
  "model": "catalog.game",
  "pk": 98,
  "fields": {
    "title": "Зомбицид. Вторая редакция: Городские легенды. Набор отродий",
    "description": "\nLorem Ipsum - это текст-\"рыба\", часто используемый в печати и вэб-дизайне. Lorem Ipsum является стандартной \"рыбой\" для текстов на латинице с начала XVI века. В то время некий безымянный печатник создал большую коллекцию размеров и форм шрифтов, используя Lorem Ipsum для распечатки образцов. Lorem Ipsum не только успешно пережил без заметных изменений пять веков, но и перешагнул в электронный дизайн. Его популяризации в новое время послужили публикация листов Letraset с образцами Lorem Ipsum в 60-х годах и, в более недавнее время, программы электронной вёрстки типа Aldus PageMaker, в шаблонах которых используется Lorem Ipsum.\n",
    "slug": "zombitsid-vtoraia-redaktsiia-gorodskie-legendy-nabor-otrodii",
    "image": "https://hobbygames.ru/image/cache/hobbygames_beta/data/HobbyWorld/Zombicide/Zombicide_2nd_Edition_Urban_Legends/HG/nabor_otrodiy_00-209x273.JPG",
    "price": "2290.00",
    "number_of_persons": "1-6",
    "duration": "1",
    "age_limit": 18,
    "quantity": 1,
    "availability": true,
    "number_of_views": 1,
    "number_of_sales": 0,
    "category": 10,
    "created_at": "2023-07-15",
    "updated_at": "2023-07-15"
  }
},
{
  "model": "catalog.game",
  "pk": 99,
  "fields": {
    "title": "Страшные сказки",
    "description": "\nLorem Ipsum - это текст-\"рыба\", часто используемый в печати и вэб-дизайне. Lorem Ipsum является стандартной \"рыбой\" для текстов на латинице с начала XVI века. В то время некий безымянный печатник создал большую коллекцию размеров и форм шрифтов, используя Lorem Ipsum для распечатки образцов. Lorem Ipsum не только успешно пережил без заметных изменений пять веков, но и перешагнул в электронный дизайн. Его популяризации в новое время послужили публикация листов Letraset с образцами Lorem Ipsum в 60-х годах и, в более недавнее время, программы электронной вёрстки типа Aldus PageMaker, в шаблонах которых используется Lorem Ipsum.\n",
    "slug": "strashnye-skazki",
    "image": "https://hobbygames.ru/image/cache/hobbygames_beta/data/HobbyWorld/Strashnie_Skazki/Strashnye_Skazki00-209x273.jpg",
    "price": "790.00",
    "number_of_persons": "2-4",
    "duration": "30",
    "age_limit": 14,
    "quantity": 1,
    "availability": true,
    "number_of_views": 1,
    "number_of_sales": 0,
    "category": 3,
    "created_at": "2023-07-15",
    "updated_at": "2023-07-15"
  }
},
{
  "model": "catalog.game",
  "pk": 100,
  "fields": {
    "title": "Ужас Аркхэма. Третья редакция: Секреты ордена",
    "description": "\nLorem Ipsum - это текст-\"рыба\", часто используемый в печати и вэб-дизайне. Lorem Ipsum является стандартной \"рыбой\" для текстов на латинице с начала XVI века. В то время некий безымянный печатник создал большую коллекцию размеров и форм шрифтов, используя Lorem Ipsum для распечатки образцов. Lorem Ipsum не только успешно пережил без заметных изменений пять веков, но и перешагнул в электронный дизайн. Его популяризации в новое время послужили публикация листов Letraset с образцами Lorem Ipsum в 60-х годах и, в более недавнее время, программы электронной вёрстки типа Aldus PageMaker, в шаблонах которых используется Lorem Ipsum.\n",
    "slug": "uzhas-arkkhema-tretia-redaktsiia-sekrety-ordena",
    "image": "https://hobbygames.ru/image/cache/hobbygames_beta/data/HobbyWorld/Arkham_Horror/Secrets_of_the_Order/HG/uzhas_arkhema_tretya_redakciya_sekrety_ordena00-209x273.jpg",
    "price": "2990.00",
    "number_of_persons": "1-6",
    "duration": "120",
    "age_limit": 13,
    "quantity": 1,
    "availability": true,
    "number_of_views": 6,
    "number_of_sales": 0,
    "category": 10,
    "created_at": "2023-07-15",
    "updated_at": "2023-07-18"
  }
},
{
  "model": "catalog.game",
  "pk": 101,
  "fields": {
    "title": "7 чудес",
    "description": "\nLorem Ipsum - это текст-\"рыба\", часто используемый в печати и вэб-дизайне. Lorem Ipsum является стандартной \"рыбой\" для текстов на латинице с начала XVI века. В то время некий безымянный печатник создал большую коллекцию размеров и форм шрифтов, используя Lorem Ipsum для распечатки образцов. Lorem Ipsum не только успешно пережил без заметных изменений пять веков, но и перешагнул в электронный дизайн. Его популяризации в новое время послужили публикация листов Letraset с образцами Lorem Ipsum в 60-х годах и, в более недавнее время, программы электронной вёрстки типа Aldus PageMaker, в шаблонах которых используется Lorem Ipsum.\n",
    "slug": "7-chudes",
    "image": "https://hobbygames.ru/image/cache/hobbygames_beta/data/Style_Jizny/7_wonders/2020/7_Chudes-209x273.jpg",
    "price": "3990.00",
    "number_of_persons": "3-7",
    "duration": "30",
    "age_limit": 10,
    "quantity": 1,
    "availability": true,
    "number_of_views": 0,
    "number_of_sales": 0,
    "category": 9,
    "created_at": "2023-07-15",
    "updated_at": "2023-07-15"
  }
},
{
  "model": "catalog.game",
  "pk": 102,
  "fields": {
    "title": "Ужас Аркхэма. Карточная игра: Наследие Данвича. Сыщики",
    "description": "\nLorem Ipsum - это текст-\"рыба\", часто используемый в печати и вэб-дизайне. Lorem Ipsum является стандартной \"рыбой\" для текстов на латинице с начала XVI века. В то время некий безымянный печатник создал большую коллекцию размеров и форм шрифтов, используя Lorem Ipsum для распечатки образцов. Lorem Ipsum не только успешно пережил без заметных изменений пять веков, но и перешагнул в электронный дизайн. Его популяризации в новое время послужили публикация листов Letraset с образцами Lorem Ipsum в 60-х годах и, в более недавнее время, программы электронной вёрстки типа Aldus PageMaker, в шаблонах которых используется Lorem Ipsum.\n",
    "slug": "uzhas-arkkhema-kartochnaia-igra-nasledie-danvicha-syshchiki",
    "image": "https://hobbygames.ru/image/cache/hobbygames_beta/data/HobbyWorld/Ujas_Arkhema/UA_cardgame/Dunwich_Investigators/HG/Dunwich_Investigators_00-209x273.JPG",
    "price": "2490.00",
    "number_of_persons": "1-4",
    "duration": "60",
    "age_limit": 13,
    "quantity": 1,
    "availability": true,
    "number_of_views": 1,
    "number_of_sales": 0,
    "category": 8,
    "created_at": "2023-07-15",
    "updated_at": "2023-07-15"
  }
},
{
  "model": "catalog.game",
  "pk": 103,
  "fields": {
    "title": "Гномы-вредители Делюкс",
    "description": "\nLorem Ipsum - это текст-\"рыба\", часто используемый в печати и вэб-дизайне. Lorem Ipsum является стандартной \"рыбой\" для текстов на латинице с начала XVI века. В то время некий безымянный печатник создал большую коллекцию размеров и форм шрифтов, используя Lorem Ipsum для распечатки образцов. Lorem Ipsum не только успешно пережил без заметных изменений пять веков, но и перешагнул в электронный дизайн. Его популяризации в новое время послужили публикация листов Letraset с образцами Lorem Ipsum в 60-х годах и, в более недавнее время, программы электронной вёрстки типа Aldus PageMaker, в шаблонах которых используется Lorem Ipsum.\n",
    "slug": "gnomy-vrediteli-deliuks",
    "image": "https://hobbygames.ru/image/cache/hobbygames_beta/data/Style_Jizny/Gnomu_vrediteli_delux/Gnomi_Vrediteli-209x273.jpg",
    "price": "1590.00",
    "number_of_persons": "2-1-2",
    "duration": "30",
    "age_limit": 8,
    "quantity": 1,
    "availability": true,
    "number_of_views": 0,
    "number_of_sales": 0,
    "category": 3,
    "created_at": "2023-07-15",
    "updated_at": "2023-07-15"
  }
},
{
  "model": "catalog.game",
  "pk": 104,
  "fields": {
    "title": "Хозяева ночи",
    "description": "\nLorem Ipsum - это текст-\"рыба\", часто используемый в печати и вэб-дизайне. Lorem Ipsum является стандартной \"рыбой\" для текстов на латинице с начала XVI века. В то время некий безымянный печатник создал большую коллекцию размеров и форм шрифтов, используя Lorem Ipsum для распечатки образцов. Lorem Ipsum не только успешно пережил без заметных изменений пять веков, но и перешагнул в электронный дизайн. Его популяризации в новое время послужили публикация листов Letraset с образцами Lorem Ipsum в 60-х годах и, в более недавнее время, программы электронной вёрстки типа Aldus PageMaker, в шаблонах которых используется Lorem Ipsum.\n",
    "slug": "khoziaeva-nochi",
    "image": "https://hobbygames.ru/image/cache/hobbygames_beta/data/CrowD_Games/Hozyaeva_nochi/hozyeava_00-209x273.JPG",
    "price": "3490.00",
    "number_of_persons": "1-5",
    "duration": "45",
    "age_limit": 12,
    "quantity": 1,
    "availability": true,
    "number_of_views": 1,
    "number_of_sales": 0,
    "category": 11,
    "created_at": "2023-07-15",
    "updated_at": "2023-07-15"
  }
},
{
  "model": "catalog.game",
  "pk": 105,
  "fields": {
    "title": "Паранормальный детектив",
    "description": "\nLorem Ipsum - это текст-\"рыба\", часто используемый в печати и вэб-дизайне. Lorem Ipsum является стандартной \"рыбой\" для текстов на латинице с начала XVI века. В то время некий безымянный печатник создал большую коллекцию размеров и форм шрифтов, используя Lorem Ipsum для распечатки образцов. Lorem Ipsum не только успешно пережил без заметных изменений пять веков, но и перешагнул в электронный дизайн. Его популяризации в новое время послужили публикация листов Letraset с образцами Lorem Ipsum в 60-х годах и, в более недавнее время, программы электронной вёрстки типа Aldus PageMaker, в шаблонах которых используется Lorem Ipsum.\n",
    "slug": "paranormalnyi-detektiv",
    "image": "https://hobbygames.ru/image/cache/hobbygames_beta/data/HobbyWorld/Paranormalny_Detective/Photos/Paranormal_3d_right-1-209x273.jpg",
    "price": "2990.00",
    "number_of_persons": "2-6",
    "duration": "45",
    "age_limit": 18,
    "quantity": 1,
    "availability": true,
    "number_of_views": 0,
    "number_of_sales": 0,
    "category": 5,
    "created_at": "2023-07-15",
    "updated_at": "2023-07-15"
  }
},
{
  "model": "catalog.game",
  "pk": 106,
  "fields": {
    "title": "Картографы",
    "description": "\nLorem Ipsum - это текст-\"рыба\", часто используемый в печати и вэб-дизайне. Lorem Ipsum является стандартной \"рыбой\" для текстов на латинице с начала XVI века. В то время некий безымянный печатник создал большую коллекцию размеров и форм шрифтов, используя Lorem Ipsum для распечатки образцов. Lorem Ipsum не только успешно пережил без заметных изменений пять веков, но и перешагнул в электронный дизайн. Его популяризации в новое время послужили публикация листов Letraset с образцами Lorem Ipsum в 60-х годах и, в более недавнее время, программы электронной вёрстки типа Aldus PageMaker, в шаблонах которых используется Lorem Ipsum.\n",
    "slug": "kartografy",
    "image": "https://hobbygames.ru/image/cache/hobbygames_beta/data/HobbyWorld/Kartografi/Cartographers_1-209x273.jpg",
    "price": "990.00",
    "number_of_persons": "1-1-0-0",
    "duration": "30",
    "age_limit": 10,
    "quantity": 1,
    "availability": true,
    "number_of_views": 0,
    "number_of_sales": 0,
    "category": 11,
    "created_at": "2023-07-15",
    "updated_at": "2023-07-15"
  }
},
{
  "model": "catalog.game",
  "pk": 107,
  "fields": {
    "title": "Звездные империи",
    "description": "\nLorem Ipsum - это текст-\"рыба\", часто используемый в печати и вэб-дизайне. Lorem Ipsum является стандартной \"рыбой\" для текстов на латинице с начала XVI века. В то время некий безымянный печатник создал большую коллекцию размеров и форм шрифтов, используя Lorem Ipsum для распечатки образцов. Lorem Ipsum не только успешно пережил без заметных изменений пять веков, но и перешагнул в электронный дизайн. Его популяризации в новое время послужили публикация листов Letraset с образцами Lorem Ipsum в 60-х годах и, в более недавнее время, программы электронной вёрстки типа Aldus PageMaker, в шаблонах которых используется Lorem Ipsum.\n",
    "slug": "zvezdnye-imperii",
    "image": "https://hobbygames.ru/image/cache/hobbygames_beta/data/HobbyWorld/Zvezdnye_Imperii/zvezdnieImperii2ed-209x273.jpg",
    "price": "790.00",
    "number_of_persons": "2",
    "duration": "30",
    "age_limit": 12,
    "quantity": 1,
    "availability": true,
    "number_of_views": 1,
    "number_of_sales": 0,
    "category": 6,
    "created_at": "2023-07-15",
    "updated_at": "2023-07-15"
  }
},
{
  "model": "catalog.game",
  "pk": 108,
  "fields": {
    "title": "Время приключений. Карточные войны: Финн против Джейка",
    "description": "\nLorem Ipsum - это текст-\"рыба\", часто используемый в печати и вэб-дизайне. Lorem Ipsum является стандартной \"рыбой\" для текстов на латинице с начала XVI века. В то время некий безымянный печатник создал большую коллекцию размеров и форм шрифтов, используя Lorem Ipsum для распечатки образцов. Lorem Ipsum не только успешно пережил без заметных изменений пять веков, но и перешагнул в электронный дизайн. Его популяризации в новое время послужили публикация листов Letraset с образцами Lorem Ipsum в 60-х годах и, в более недавнее время, программы электронной вёрстки типа Aldus PageMaker, в шаблонах которых используется Lorem Ipsum.\n",
    "slug": "vremia-prikliuchenii-kartochnye-voiny-finn-protiv-dzheika",
    "image": "https://hobbygames.ru/image/cache/hobbygames_beta/data/HobbyWorld/Vremya_prikl_CW/AdTime_CW_3D-209x273.jpg",
    "price": "1290.00",
    "number_of_persons": "2",
    "duration": "30",
    "age_limit": 10,
    "quantity": 1,
    "availability": true,
    "number_of_views": 1,
    "number_of_sales": 0,
    "category": 3,
    "created_at": "2023-07-15",
    "updated_at": "2023-07-16"
  }
},
{
  "model": "catalog.game",
  "pk": 109,
  "fields": {
    "title": "Шакал: обновлённая версия ",
    "description": "\nLorem Ipsum - это текст-\"рыба\", часто используемый в печати и вэб-дизайне. Lorem Ipsum является стандартной \"рыбой\" для текстов на латинице с начала XVI века. В то время некий безымянный печатник создал большую коллекцию размеров и форм шрифтов, используя Lorem Ipsum для распечатки образцов. Lorem Ipsum не только успешно пережил без заметных изменений пять веков, но и перешагнул в электронный дизайн. Его популяризации в новое время послужили публикация листов Letraset с образцами Lorem Ipsum в 60-х годах и, в более недавнее время, программы электронной вёрстки типа Aldus PageMaker, в шаблонах которых используется Lorem Ipsum.\n",
    "slug": "shakal-obnovlionnaia-versiia",
    "image": "https://hobbygames.ru/image/cache/hobbygames_beta/data/Magellan/Jackal/Jakal_new-209x273.jpg",
    "price": "1990.00",
    "number_of_persons": "2-4",
    "duration": "60",
    "age_limit": 8,
    "quantity": 1,
    "availability": true,
    "number_of_views": 0,
    "number_of_sales": 0,
    "category": 10,
    "created_at": "2023-07-15",
    "updated_at": "2023-07-15"
  }
},
{
  "model": "catalog.game",
  "pk": 110,
  "fields": {
    "title": "Чужая планета",
    "description": "\nLorem Ipsum - это текст-\"рыба\", часто используемый в печати и вэб-дизайне. Lorem Ipsum является стандартной \"рыбой\" для текстов на латинице с начала XVI века. В то время некий безымянный печатник создал большую коллекцию размеров и форм шрифтов, используя Lorem Ipsum для распечатки образцов. Lorem Ipsum не только успешно пережил без заметных изменений пять веков, но и перешагнул в электронный дизайн. Его популяризации в новое время послужили публикация листов Letraset с образцами Lorem Ipsum в 60-х годах и, в более недавнее время, программы электронной вёрстки типа Aldus PageMaker, в шаблонах которых используется Lorem Ipsum.\n",
    "slug": "chuzhaia-planeta",
    "image": "https://hobbygames.ru/image/cache/hobbygames_beta/data/Gaga/Chujaya_Planeta/Chujaya_Planeta-209x273.jpg",
    "price": "1690.00",
    "number_of_persons": "2-7",
    "duration": "30",
    "age_limit": 10,
    "quantity": 1,
    "availability": true,
    "number_of_views": 0,
    "number_of_sales": 0,
    "category": 8,
    "created_at": "2023-07-15",
    "updated_at": "2023-07-15"
  }
},
{
  "model": "catalog.game",
  "pk": 111,
  "fields": {
    "title": "Эпичные схватки боевых магов: Переполох в Хоромах страсти",
    "description": "\nLorem Ipsum - это текст-\"рыба\", часто используемый в печати и вэб-дизайне. Lorem Ipsum является стандартной \"рыбой\" для текстов на латинице с начала XVI века. В то время некий безымянный печатник создал большую коллекцию размеров и форм шрифтов, используя Lorem Ipsum для распечатки образцов. Lorem Ipsum не только успешно пережил без заметных изменений пять веков, но и перешагнул в электронный дизайн. Его популяризации в новое время послужили публикация листов Letraset с образцами Lorem Ipsum в 60-х годах и, в более недавнее время, программы электронной вёрстки типа Aldus PageMaker, в шаблонах которых используется Lorem Ipsum.\n",
    "slug": "epichnye-skhvatki-boevykh-magov-perepolokh-v-khoromakh-strasti",
    "image": "https://hobbygames.ru/image/cache/hobbygames_beta/data/HobbyWorld/Shvatki_Magov/EHpichnye_Skhvatki_Boevyh_Magov_Perepoloh_V_Horomah_Strasti00-209x273.jpg",
    "price": "1790.00",
    "number_of_persons": "2-6",
    "duration": "30",
    "age_limit": 18,
    "quantity": 1,
    "availability": true,
    "number_of_views": 0,
    "number_of_sales": 0,
    "category": 8,
    "created_at": "2023-07-15",
    "updated_at": "2023-07-15"
  }
},
{
  "model": "catalog.game",
  "pk": 112,
  "fields": {
    "title": "Прогулки с собаками",
    "description": "\nLorem Ipsum - это текст-\"рыба\", часто используемый в печати и вэб-дизайне. Lorem Ipsum является стандартной \"рыбой\" для текстов на латинице с начала XVI века. В то время некий безымянный печатник создал большую коллекцию размеров и форм шрифтов, используя Lorem Ipsum для распечатки образцов. Lorem Ipsum не только успешно пережил без заметных изменений пять веков, но и перешагнул в электронный дизайн. Его популяризации в новое время послужили публикация листов Letraset с образцами Lorem Ipsum в 60-х годах и, в более недавнее время, программы электронной вёрстки типа Aldus PageMaker, в шаблонах которых используется Lorem Ipsum.\n",
    "slug": "progulki-s-sobakami",
    "image": "https://hobbygames.ru/image/cache/hobbygames_beta/data/HobbyWorld/Dog_Park/Dog_Park_00-209x273.jpg",
    "price": "3990.00",
    "number_of_persons": "1-4",
    "duration": "40",
    "age_limit": 10,
    "quantity": 1,
    "availability": true,
    "number_of_views": 1,
    "number_of_sales": 0,
    "category": 6,
    "created_at": "2023-07-15",
    "updated_at": "2023-07-15"
  }
},
{
  "model": "catalog.game",
  "pk": 113,
  "fields": {
    "title": "Замес",
    "description": "\nLorem Ipsum - это текст-\"рыба\", часто используемый в печати и вэб-дизайне. Lorem Ipsum является стандартной \"рыбой\" для текстов на латинице с начала XVI века. В то время некий безымянный печатник создал большую коллекцию размеров и форм шрифтов, используя Lorem Ipsum для распечатки образцов. Lorem Ipsum не только успешно пережил без заметных изменений пять веков, но и перешагнул в электронный дизайн. Его популяризации в новое время послужили публикация листов Letraset с образцами Lorem Ipsum в 60-х годах и, в более недавнее время, программы электронной вёрстки типа Aldus PageMaker, в шаблонах которых используется Lorem Ipsum.\n",
    "slug": "zames",
    "image": "https://hobbygames.ru/image/cache/hobbygames_beta/data/HobbyWorld/Zames/Zames_box00-209x273.jpg",
    "price": "1490.00",
    "number_of_persons": "2-4",
    "duration": "30",
    "age_limit": 12,
    "quantity": 1,
    "availability": true,
    "number_of_views": 1,
    "number_of_sales": 0,
    "category": 4,
    "created_at": "2023-07-15",
    "updated_at": "2023-07-15"
  }
},
{
  "model": "catalog.game",
  "pk": 114,
  "fields": {
    "title": "Зомбицид. Вторая редакция: Солдаты-зомби. Набор ходоков-стрелков",
    "description": "\nLorem Ipsum - это текст-\"рыба\", часто используемый в печати и вэб-дизайне. Lorem Ipsum является стандартной \"рыбой\" для текстов на латинице с начала XVI века. В то время некий безымянный печатник создал большую коллекцию размеров и форм шрифтов, используя Lorem Ipsum для распечатки образцов. Lorem Ipsum не только успешно пережил без заметных изменений пять веков, но и перешагнул в электронный дизайн. Его популяризации в новое время послужили публикация листов Letraset с образцами Lorem Ipsum в 60-х годах и, в более недавнее время, программы электронной вёрстки типа Aldus PageMaker, в шаблонах которых используется Lorem Ipsum.\n",
    "slug": "zombitsid-vtoraia-redaktsiia-soldaty-zombi-nabor-khodokov-strelkov",
    "image": "https://hobbygames.ru/image/cache/hobbygames_beta/data/HobbyWorld/Zombicide/Zombicide_2nd_Edition_Zombie_Soldiers/HG/zombie_soldiers_00-209x273.JPG",
    "price": "990.00",
    "number_of_persons": "1-6",
    "duration": "1",
    "age_limit": 18,
    "quantity": 1,
    "availability": true,
    "number_of_views": 0,
    "number_of_sales": 0,
    "category": 6,
    "created_at": "2023-07-15",
    "updated_at": "2023-07-15"
  }
},
{
  "model": "catalog.game",
  "pk": 115,
  "fields": {
    "title": "Маракайбо",
    "description": "\nLorem Ipsum - это текст-\"рыба\", часто используемый в печати и вэб-дизайне. Lorem Ipsum является стандартной \"рыбой\" для текстов на латинице с начала XVI века. В то время некий безымянный печатник создал большую коллекцию размеров и форм шрифтов, используя Lorem Ipsum для распечатки образцов. Lorem Ipsum не только успешно пережил без заметных изменений пять веков, но и перешагнул в электронный дизайн. Его популяризации в новое время послужили публикация листов Letraset с образцами Lorem Ipsum в 60-х годах и, в более недавнее время, программы электронной вёрстки типа Aldus PageMaker, в шаблонах которых используется Lorem Ipsum.\n",
    "slug": "marakaibo",
    "image": "https://hobbygames.ru/image/cache/hobbygames_beta/data/HobbyWorld/Maracaibo/Maracaibo-3d_box_rozn-209x273.jpg",
    "price": "5990.00",
    "number_of_persons": "1-4",
    "duration": "30",
    "age_limit": 12,
    "quantity": 1,
    "availability": true,
    "number_of_views": 0,
    "number_of_sales": 0,
    "category": 4,
    "created_at": "2023-07-15",
    "updated_at": "2023-07-15"
  }
},
{
  "model": "catalog.game",
  "pk": 116,
  "fields": {
    "title": "Азул",
    "description": "\nLorem Ipsum - это текст-\"рыба\", часто используемый в печати и вэб-дизайне. Lorem Ipsum является стандартной \"рыбой\" для текстов на латинице с начала XVI века. В то время некий безымянный печатник создал большую коллекцию размеров и форм шрифтов, используя Lorem Ipsum для распечатки образцов. Lorem Ipsum не только успешно пережил без заметных изменений пять веков, но и перешагнул в электронный дизайн. Его популяризации в новое время послужили публикация листов Letraset с образцами Lorem Ipsum в 60-х годах и, в более недавнее время, программы электронной вёрстки типа Aldus PageMaker, в шаблонах которых используется Lorem Ipsum.\n",
    "slug": "azul",
    "image": "https://hobbygames.ru/image/cache/hobbygames_beta/data/Zvezda/Azul/Photos/Azul-209x273.jpg",
    "price": "3990.00",
    "number_of_persons": "2-4",
    "duration": "30",
    "age_limit": 8,
    "quantity": 1,
    "availability": true,
    "number_of_views": 0,
    "number_of_sales": 0,
    "category": 9,
    "created_at": "2023-07-15",
    "updated_at": "2023-07-15"
  }
},
{
  "model": "catalog.game",
  "pk": 117,
  "fields": {
    "title": "Зомби в доме",
    "description": "\nLorem Ipsum - это текст-\"рыба\", часто используемый в печати и вэб-дизайне. Lorem Ipsum является стандартной \"рыбой\" для текстов на латинице с начала XVI века. В то время некий безымянный печатник создал большую коллекцию размеров и форм шрифтов, используя Lorem Ipsum для распечатки образцов. Lorem Ipsum не только успешно пережил без заметных изменений пять веков, но и перешагнул в электронный дизайн. Его популяризации в новое время послужили публикация листов Letraset с образцами Lorem Ipsum в 60-х годах и, в более недавнее время, программы электронной вёрстки типа Aldus PageMaker, в шаблонах которых используется Lorem Ipsum.\n",
    "slug": "zombi-v-dome",
    "image": "https://hobbygames.ru/image/cache/hobbygames_beta/data/Magellan/Zomby_V_Dome-209x273.jpg",
    "price": "1490.00",
    "number_of_persons": "2-5",
    "duration": "30",
    "age_limit": 12,
    "quantity": 1,
    "availability": true,
    "number_of_views": 0,
    "number_of_sales": 0,
    "category": 8,
    "created_at": "2023-07-15",
    "updated_at": "2023-07-15"
  }
},
{
  "model": "catalog.game",
  "pk": 118,
  "fields": {
    "title": "Предвидение",
    "description": "\nLorem Ipsum - это текст-\"рыба\", часто используемый в печати и вэб-дизайне. Lorem Ipsum является стандартной \"рыбой\" для текстов на латинице с начала XVI века. В то время некий безымянный печатник создал большую коллекцию размеров и форм шрифтов, используя Lorem Ipsum для распечатки образцов. Lorem Ipsum не только успешно пережил без заметных изменений пять веков, но и перешагнул в электронный дизайн. Его популяризации в новое время послужили публикация листов Letraset с образцами Lorem Ipsum в 60-х годах и, в более недавнее время, программы электронной вёрстки типа Aldus PageMaker, в шаблонах которых используется Lorem Ipsum.\n",
    "slug": "predvidenie",
    "image": "https://hobbygames.ru/image/cache/hobbygames_beta/data/HobbyWorld/Predvidenie/HG/predvidenie-209x273.JPG",
    "price": "3990.00",
    "number_of_persons": "2-4",
    "duration": "60",
    "age_limit": 12,
    "quantity": 1,
    "availability": true,
    "number_of_views": 1,
    "number_of_sales": 0,
    "category": 8,
    "created_at": "2023-07-15",
    "updated_at": "2023-07-15"
  }
},
{
  "model": "catalog.game",
  "pk": 119,
  "fields": {
    "title": "Runebound. Третья редакция: Нерушимые узы",
    "description": "\nLorem Ipsum - это текст-\"рыба\", часто используемый в печати и вэб-дизайне. Lorem Ipsum является стандартной \"рыбой\" для текстов на латинице с начала XVI века. В то время некий безымянный печатник создал большую коллекцию размеров и форм шрифтов, используя Lorem Ipsum для распечатки образцов. Lorem Ipsum не только успешно пережил без заметных изменений пять веков, но и перешагнул в электронный дизайн. Его популяризации в новое время послужили публикация листов Letraset с образцами Lorem Ipsum в 60-х годах и, в более недавнее время, программы электронной вёрстки типа Aldus PageMaker, в шаблонах которых используется Lorem Ipsum.\n",
    "slug": "runebound-tretia-redaktsiia-nerushimye-uzy",
    "image": "https://hobbygames.ru/image/cache/hobbygames_beta/data/HobbyWorld/Runebound_3ed/Dop_Prikuchenia/Nerushimie_Uzy/Runebound_dopolnenie_nerushimie-uzi_3D-209x273.jpg",
    "price": "3290.00",
    "number_of_persons": "1-4",
    "duration": "60",
    "age_limit": 14,
    "quantity": 1,
    "availability": true,
    "number_of_views": 0,
    "number_of_sales": 0,
    "category": 4,
    "created_at": "2023-07-15",
    "updated_at": "2023-07-15"
  }
},
{
  "model": "catalog.game",
  "pk": 120,
  "fields": {
    "title": "Эверделл: Фестиваль",
    "description": "\nLorem Ipsum - это текст-\"рыба\", часто используемый в печати и вэб-дизайне. Lorem Ipsum является стандартной \"рыбой\" для текстов на латинице с начала XVI века. В то время некий безымянный печатник создал большую коллекцию размеров и форм шрифтов, используя Lorem Ipsum для распечатки образцов. Lorem Ipsum не только успешно пережил без заметных изменений пять веков, но и перешагнул в электронный дизайн. Его популяризации в новое время послужили публикация листов Letraset с образцами Lorem Ipsum в 60-х годах и, в более недавнее время, программы электронной вёрстки типа Aldus PageMaker, в шаблонах которых используется Lorem Ipsum.\n",
    "slug": "everdell-festival",
    "image": "https://hobbygames.ru/image/cache/hobbygames_beta/data/HobbyWorld/Everdell/Bellfaire/bellfaire_00-209x273.jpg",
    "price": "3990.00",
    "number_of_persons": "1-6",
    "duration": "40",
    "age_limit": 10,
    "quantity": 1,
    "availability": true,
    "number_of_views": 0,
    "number_of_sales": 0,
    "category": 3,
    "created_at": "2023-07-15",
    "updated_at": "2023-07-15"
  }
},
{
  "model": "catalog.game",
  "pk": 121,
  "fields": {
    "title": "Набор игр ",
    "description": "\nLorem Ipsum - это текст-\"рыба\", часто используемый в печати и вэб-дизайне. Lorem Ipsum является стандартной \"рыбой\" для текстов на латинице с начала XVI века. В то время некий безымянный печатник создал большую коллекцию размеров и форм шрифтов, используя Lorem Ipsum для распечатки образцов. Lorem Ipsum не только успешно пережил без заметных изменений пять веков, но и перешагнул в электронный дизайн. Его популяризации в новое время послужили публикация листов Letraset с образцами Lorem Ipsum в 60-х годах и, в более недавнее время, программы электронной вёрстки типа Aldus PageMaker, в шаблонах которых используется Lorem Ipsum.\n",
    "slug": "nabor-igr",
    "image": "https://hobbygames.ru/image/cache/hobbygames_beta/data/HobbyWorld/LOTR_stranstviya_v_sredizemye/lotr_bundle-209x273.jpg",
    "price": "15778.00",
    "number_of_persons": "1-5",
    "duration": "90",
    "age_limit": 13,
    "quantity": 1,
    "availability": true,
    "number_of_views": 1,
    "number_of_sales": 0,
    "category": 8,
    "created_at": "2023-07-15",
    "updated_at": "2023-07-15"
  }
},
{
  "model": "catalog.game",
  "pk": 122,
  "fields": {
    "title": "Письма призрака",
    "description": "\nLorem Ipsum - это текст-\"рыба\", часто используемый в печати и вэб-дизайне. Lorem Ipsum является стандартной \"рыбой\" для текстов на латинице с начала XVI века. В то время некий безымянный печатник создал большую коллекцию размеров и форм шрифтов, используя Lorem Ipsum для распечатки образцов. Lorem Ipsum не только успешно пережил без заметных изменений пять веков, но и перешагнул в электронный дизайн. Его популяризации в новое время послужили публикация листов Letraset с образцами Lorem Ipsum в 60-х годах и, в более недавнее время, программы электронной вёрстки типа Aldus PageMaker, в шаблонах которых используется Lorem Ipsum.\n",
    "slug": "pisma-prizraka",
    "image": "https://hobbygames.ru/image/cache/hobbygames_beta/data/Ekonomikuc/Pisma_Prizraka/Pisma_Prizraka-209x273.jpg",
    "price": "1490.00",
    "number_of_persons": "2-1-2",
    "duration": "30",
    "age_limit": 8,
    "quantity": 1,
    "availability": true,
    "number_of_views": 0,
    "number_of_sales": 0,
    "category": 7,
    "created_at": "2023-07-15",
    "updated_at": "2023-07-15"
  }
},
{
  "model": "catalog.game",
  "pk": 123,
  "fields": {
    "title": "Подземелье: Гробница повелителя мёртвых",
    "description": "\nLorem Ipsum - это текст-\"рыба\", часто используемый в печати и вэб-дизайне. Lorem Ipsum является стандартной \"рыбой\" для текстов на латинице с начала XVI века. В то время некий безымянный печатник создал большую коллекцию размеров и форм шрифтов, используя Lorem Ipsum для распечатки образцов. Lorem Ipsum не только успешно пережил без заметных изменений пять веков, но и перешагнул в электронный дизайн. Его популяризации в новое время послужили публикация листов Letraset с образцами Lorem Ipsum в 60-х годах и, в более недавнее время, программы электронной вёрстки типа Aldus PageMaker, в шаблонах которых используется Lorem Ipsum.\n",
    "slug": "podzemele-grobnitsa-povelitelia-miortvykh",
    "image": "https://hobbygames.ru/image/cache/hobbygames_beta/data/HobbyWorld/Podzemelie/Dungeons_100-209x273.jpg",
    "price": "890.00",
    "number_of_persons": "1-4",
    "duration": "60",
    "age_limit": 12,
    "quantity": 1,
    "availability": true,
    "number_of_views": 0,
    "number_of_sales": 0,
    "category": 4,
    "created_at": "2023-07-15",
    "updated_at": "2023-07-15"
  }
},
{
  "model": "catalog.game",
  "pk": 124,
  "fields": {
    "title": "Кольт Экспресс",
    "description": "\nLorem Ipsum - это текст-\"рыба\", часто используемый в печати и вэб-дизайне. Lorem Ipsum является стандартной \"рыбой\" для текстов на латинице с начала XVI века. В то время некий безымянный печатник создал большую коллекцию размеров и форм шрифтов, используя Lorem Ipsum для распечатки образцов. Lorem Ipsum не только успешно пережил без заметных изменений пять веков, но и перешагнул в электронный дизайн. Его популяризации в новое время послужили публикация листов Letraset с образцами Lorem Ipsum в 60-х годах и, в более недавнее время, программы электронной вёрстки типа Aldus PageMaker, в шаблонах которых используется Lorem Ipsum.\n",
    "slug": "kolt-ekspress",
    "image": "https://hobbygames.ru/image/cache/hobbygames_beta/data/Style_Jizny/Colt_Express/Colt_Express01-209x273.jpg",
    "price": "2690.00",
    "number_of_persons": "2-6",
    "duration": "30",
    "age_limit": 10,
    "quantity": 1,
    "availability": true,
    "number_of_views": 0,
    "number_of_sales": 0,
    "category": 5,
    "created_at": "2023-07-15",
    "updated_at": "2023-07-15"
  }
},
{
  "model": "catalog.game",
  "pk": 125,
  "fields": {
    "title": "Находка для шпиона / Spyfall",
    "description": "\nLorem Ipsum - это текст-\"рыба\", часто используемый в печати и вэб-дизайне. Lorem Ipsum является стандартной \"рыбой\" для текстов на латинице с начала XVI века. В то время некий безымянный печатник создал большую коллекцию размеров и форм шрифтов, используя Lorem Ipsum для распечатки образцов. Lorem Ipsum не только успешно пережил без заметных изменений пять веков, но и перешагнул в электронный дизайн. Его популяризации в новое время послужили публикация листов Letraset с образцами Lorem Ipsum в 60-х годах и, в более недавнее время, программы электронной вёрстки типа Aldus PageMaker, в шаблонах которых используется Lorem Ipsum.\n",
    "slug": "nakhodka-dlia-shpiona-spyfall",
    "image": "https://hobbygames.ru/image/cache/hobbygames_beta/data/HobbyWorld/Nahodka_dlya_shpiona/spyfall_new_100-209x273.jpg",
    "price": "990.00",
    "number_of_persons": "3-8",
    "duration": "15",
    "age_limit": 12,
    "quantity": 1,
    "availability": true,
    "number_of_views": 0,
    "number_of_sales": 0,
    "category": 4,
    "created_at": "2023-07-15",
    "updated_at": "2023-07-15"
  }
},
{
  "model": "catalog.game",
  "pk": 126,
  "fields": {
    "title": "Древний Ужас: Забытые Тайны",
    "description": "Lorem Ipsum - это текст-\"рыба\", часто используемый в печати и вэб-дизайне. Lorem Ipsum является стандартной \"рыбой\" для текстов на латинице с начала XVI века. В то время некий безымянный печатник создал большую коллекцию размеров и форм шрифтов, используя Lorem Ipsum для распечатки образцов. Lorem Ipsum не только успешно пережил без заметных изменений пять веков, но и перешагнул в электронный дизайн. Его популяризации в новое время послужили публикация листов Letraset с образцами Lorem Ipsum в 60-х годах и, в более недавнее время, программы электронной вёрстки типа Aldus PageMaker, в шаблонах которых используется Lorem Ipsum.",
    "slug": "drevnii-uzhas-zabytye-tainy",
    "image": "https://hobbygames.ru/image/cache/hobbygames_beta/data/HobbyWorld/Drevniy_Uzhas/EH02_3D_roznica00-209x273.jpg",
    "price": "1990.00",
    "number_of_persons": "1-8",
    "duration": "120",
    "age_limit": 14,
    "quantity": 1,
    "availability": true,
    "number_of_views": 0,
    "number_of_sales": 0,
    "category": 3,
    "created_at": "2023-07-15",
    "updated_at": "2023-07-15"
  }
},
{
  "model": "catalog.game",
  "pk": 127,
  "fields": {
    "title": "История рыцаря",
    "description": "\nLorem Ipsum - это текст-\"рыба\", часто используемый в печати и вэб-дизайне. Lorem Ipsum является стандартной \"рыбой\" для текстов на латинице с начала XVI века. В то время некий безымянный печатник создал большую коллекцию размеров и форм шрифтов, используя Lorem Ipsum для распечатки образцов. Lorem Ipsum не только успешно пережил без заметных изменений пять веков, но и перешагнул в электронный дизайн. Его популяризации в новое время послужили публикация листов Letraset с образцами Lorem Ipsum в 60-х годах и, в более недавнее время, программы электронной вёрстки типа Aldus PageMaker, в шаблонах которых используется Lorem Ipsum.\n",
    "slug": "istoriia-rytsaria",
    "image": "https://hobbygames.ru/image/cache/hobbygames_beta/data/HobbyWorld/Glory/HG/istoriya_ricarya-209x273.JPG",
    "price": "3990.00",
    "number_of_persons": "1-4",
    "duration": "30",
    "age_limit": 13,
    "quantity": 1,
    "availability": true,
    "number_of_views": 0,
    "number_of_sales": 0,
    "category": 3,
    "created_at": "2023-07-15",
    "updated_at": "2023-07-15"
  }
},
{
  "model": "catalog.game",
  "pk": 128,
  "fields": {
    "title": "Рюрик",
    "description": "\nLorem Ipsum - это текст-\"рыба\", часто используемый в печати и вэб-дизайне. Lorem Ipsum является стандартной \"рыбой\" для текстов на латинице с начала XVI века. В то время некий безымянный печатник создал большую коллекцию размеров и форм шрифтов, используя Lorem Ipsum для распечатки образцов. Lorem Ipsum не только успешно пережил без заметных изменений пять веков, но и перешагнул в электронный дизайн. Его популяризации в новое время послужили публикация листов Letraset с образцами Lorem Ipsum в 60-х годах и, в более недавнее время, программы электронной вёрстки типа Aldus PageMaker, в шаблонах которых используется Lorem Ipsum.\n",
    "slug": "riurik",
    "image": "https://hobbygames.ru/image/cache/hobbygames_beta/data/HobbyWorld/Rurik/rurik_00-209x273.jpg",
    "price": "7490.00",
    "number_of_persons": "1-4",
    "duration": "30",
    "age_limit": 13,
    "quantity": 1,
    "availability": true,
    "number_of_views": 2,
    "number_of_sales": 0,
    "category": 10,
    "created_at": "2023-07-15",
    "updated_at": "2023-07-15"
  }
},
{
  "model": "catalog.game",
  "pk": 129,
  "fields": {
    "title": "Red 7!",
    "description": "\nLorem Ipsum - это текст-\"рыба\", часто используемый в печати и вэб-дизайне. Lorem Ipsum является стандартной \"рыбой\" для текстов на латинице с начала XVI века. В то время некий безымянный печатник создал большую коллекцию размеров и форм шрифтов, используя Lorem Ipsum для распечатки образцов. Lorem Ipsum не только успешно пережил без заметных изменений пять веков, но и перешагнул в электронный дизайн. Его популяризации в новое время послужили публикация листов Letraset с образцами Lorem Ipsum в 60-х годах и, в более недавнее время, программы электронной вёрстки типа Aldus PageMaker, в шаблонах которых используется Lorem Ipsum.\n",
    "slug": "red-7",
    "image": "https://hobbygames.ru/image/cache/hobbygames_beta/data/HobbyWorld/Red7/Red7-3D-box_rozn-209x273.jpg",
    "price": "490.00",
    "number_of_persons": "2-4",
    "duration": "5",
    "age_limit": 9,
    "quantity": 1,
    "availability": true,
    "number_of_views": 0,
    "number_of_sales": 0,
    "category": 3,
    "created_at": "2023-07-15",
    "updated_at": "2023-07-15"
  }
},
{
  "model": "catalog.game",
  "pk": 130,
  "fields": {
    "title": "Штиль",
    "description": "\nLorem Ipsum - это текст-\"рыба\", часто используемый в печати и вэб-дизайне. Lorem Ipsum является стандартной \"рыбой\" для текстов на латинице с начала XVI века. В то время некий безымянный печатник создал большую коллекцию размеров и форм шрифтов, используя Lorem Ipsum для распечатки образцов. Lorem Ipsum не только успешно пережил без заметных изменений пять веков, но и перешагнул в электронный дизайн. Его популяризации в новое время послужили публикация листов Letraset с образцами Lorem Ipsum в 60-х годах и, в более недавнее время, программы электронной вёрстки типа Aldus PageMaker, в шаблонах которых используется Lorem Ipsum.\n",
    "slug": "shtil",
    "image": "https://hobbygames.ru/image/cache/hobbygames_beta/data/HobbyWorld/Shtil/Photos/Shtil_00-209x273.jpg",
    "price": "990.00",
    "number_of_persons": "1-5",
    "duration": "20",
    "age_limit": 8,
    "quantity": 1,
    "availability": true,
    "number_of_views": 0,
    "number_of_sales": 0,
    "category": 8,
    "created_at": "2023-07-15",
    "updated_at": "2023-07-15"
  }
},
{
  "model": "catalog.game",
  "pk": 131,
  "fields": {
    "title": "Древний Ужас: Хребты Безумия",
    "description": "\nLorem Ipsum - это текст-\"рыба\", часто используемый в печати и вэб-дизайне. Lorem Ipsum является стандартной \"рыбой\" для текстов на латинице с начала XVI века. В то время некий безымянный печатник создал большую коллекцию размеров и форм шрифтов, используя Lorem Ipsum для распечатки образцов. Lorem Ipsum не только успешно пережил без заметных изменений пять веков, но и перешагнул в электронный дизайн. Его популяризации в новое время послужили публикация листов Letraset с образцами Lorem Ipsum в 60-х годах и, в более недавнее время, программы электронной вёрстки типа Aldus PageMaker, в шаблонах которых используется Lorem Ipsum.\n",
    "slug": "drevnii-uzhas-khrebty-bezumiia",
    "image": "https://hobbygames.ru/image/cache/hobbygames_beta/data/HobbyWorld/Eldritch_horror/Hrebti_bezumia/drevnij-uzhas_hrebti-bezumija_3D_roznica-209x273.jpg",
    "price": "3990.00",
    "number_of_persons": "1-8",
    "duration": "120",
    "age_limit": 14,
    "quantity": 1,
    "availability": true,
    "number_of_views": 0,
    "number_of_sales": 0,
    "category": 4,
    "created_at": "2023-07-15",
    "updated_at": "2023-07-15"
  }
},
{
  "model": "catalog.game",
  "pk": 132,
  "fields": {
    "title": "Самый ужасный человек",
    "description": "\nLorem Ipsum - это текст-\"рыба\", часто используемый в печати и вэб-дизайне. Lorem Ipsum является стандартной \"рыбой\" для текстов на латинице с начала XVI века. В то время некий безымянный печатник создал большую коллекцию размеров и форм шрифтов, используя Lorem Ipsum для распечатки образцов. Lorem Ipsum не только успешно пережил без заметных изменений пять веков, но и перешагнул в электронный дизайн. Его популяризации в новое время послужили публикация листов Letraset с образцами Lorem Ipsum в 60-х годах и, в более недавнее время, программы электронной вёрстки типа Aldus PageMaker, в шаблонах которых используется Lorem Ipsum.\n",
    "slug": "samyi-uzhasnyi-chelovek",
    "image": "https://hobbygames.ru/image/cache/hobbygames_beta/data/Magellan/Samyiy_ujasnyiy_chelovek/Samyiy_ujasnyiy_chelovek_01-209x273.jpg",
    "price": "1290.00",
    "number_of_persons": "3-6",
    "duration": "10",
    "age_limit": 18,
    "quantity": 1,
    "availability": true,
    "number_of_views": 0,
    "number_of_sales": 0,
    "category": 5,
    "created_at": "2023-07-15",
    "updated_at": "2023-07-15"
  }
},
{
  "model": "catalog.game",
  "pk": 133,
  "fields": {
    "title": "Ужас Аркхэма. Третья редакция: Под тёмными волнами",
    "description": "\nLorem Ipsum - это текст-\"рыба\", часто используемый в печати и вэб-дизайне. Lorem Ipsum является стандартной \"рыбой\" для текстов на латинице с начала XVI века. В то время некий безымянный печатник создал большую коллекцию размеров и форм шрифтов, используя Lorem Ipsum для распечатки образцов. Lorem Ipsum не только успешно пережил без заметных изменений пять веков, но и перешагнул в электронный дизайн. Его популяризации в новое время послужили публикация листов Letraset с образцами Lorem Ipsum в 60-х годах и, в более недавнее время, программы электронной вёрстки типа Aldus PageMaker, в шаблонах которых используется Lorem Ipsum.\n",
    "slug": "uzhas-arkkhema-tretia-redaktsiia-pod-tiomnymi-volnami",
    "image": "https://hobbygames.ru/image/cache/hobbygames_beta/data/HobbyWorld/Ujas_Arkhema/Pod_Temnymi_Volnami/Photos/AH_UnderDarkWaves00-209x273.jpg",
    "price": "4490.00",
    "number_of_persons": "1-6",
    "duration": "120",
    "age_limit": 13,
    "quantity": 1,
    "availability": true,
    "number_of_views": 1,
    "number_of_sales": 0,
    "category": 7,
    "created_at": "2023-07-15",
    "updated_at": "2023-07-15"
  }
},
{
  "model": "catalog.game",
  "pk": 134,
  "fields": {
    "title": "Зомбицид. Вторая редакция: Вашингтон, округ Зомбия",
    "description": "\nLorem Ipsum - это текст-\"рыба\", часто используемый в печати и вэб-дизайне. Lorem Ipsum является стандартной \"рыбой\" для текстов на латинице с начала XVI века. В то время некий безымянный печатник создал большую коллекцию размеров и форм шрифтов, используя Lorem Ipsum для распечатки образцов. Lorem Ipsum не только успешно пережил без заметных изменений пять веков, но и перешагнул в электронный дизайн. Его популяризации в новое время послужили публикация листов Letraset с образцами Lorem Ipsum в 60-х годах и, в более недавнее время, программы электронной вёрстки типа Aldus PageMaker, в шаблонах которых используется Lorem Ipsum.\n",
    "slug": "zombitsid-vtoraia-redaktsiia-vashington-okrug-zombiia",
    "image": "https://hobbygames.ru/image/cache/hobbygames_beta/data/HobbyWorld/Zombicide/Zombicide_2nd_Edition_WashingtonZC/Zombicide_Washington_00-209x273.jpg",
    "price": "4490.00",
    "number_of_persons": "1-6",
    "duration": "60",
    "age_limit": 18,
    "quantity": 1,
    "availability": true,
    "number_of_views": 0,
    "number_of_sales": 0,
    "category": 10,
    "created_at": "2023-07-15",
    "updated_at": "2023-07-15"
  }
},
{
  "model": "catalog.game",
  "pk": 135,
  "fields": {
    "title": "Исторический детектив: Смерть на балу",
    "description": "\nLorem Ipsum - это текст-\"рыба\", часто используемый в печати и вэб-дизайне. Lorem Ipsum является стандартной \"рыбой\" для текстов на латинице с начала XVI века. В то время некий безымянный печатник создал большую коллекцию размеров и форм шрифтов, используя Lorem Ipsum для распечатки образцов. Lorem Ipsum не только успешно пережил без заметных изменений пять веков, но и перешагнул в электронный дизайн. Его популяризации в новое время послужили публикация листов Letraset с образцами Lorem Ipsum в 60-х годах и, в более недавнее время, программы электронной вёрстки типа Aldus PageMaker, в шаблонах которых используется Lorem Ipsum.\n",
    "slug": "istoricheskii-detektiv-smert-na-balu",
    "image": "https://hobbygames.ru/image/cache/hobbygames_beta/data/HobbyWorld/Istoricheskiy_Detektiv/Smert_na_Balu/HG/detective-209x273.jpg",
    "price": "195.00",
    "number_of_persons": "1-4",
    "duration": "60",
    "age_limit": 18,
    "quantity": 1,
    "availability": true,
    "number_of_views": 0,
    "number_of_sales": 0,
    "category": 10,
    "created_at": "2023-07-15",
    "updated_at": "2023-07-15"
  }
},
{
  "model": "catalog.game",
  "pk": 136,
  "fields": {
    "title": "Властелин колец. Странствия в Средиземье: Тёмные тропы",
    "description": "\nLorem Ipsum - это текст-\"рыба\", часто используемый в печати и вэб-дизайне. Lorem Ipsum является стандартной \"рыбой\" для текстов на латинице с начала XVI века. В то время некий безымянный печатник создал большую коллекцию размеров и форм шрифтов, используя Lorem Ipsum для распечатки образцов. Lorem Ipsum не только успешно пережил без заметных изменений пять веков, но и перешагнул в электронный дизайн. Его популяризации в новое время послужили публикация листов Letraset с образцами Lorem Ipsum в 60-х годах и, в более недавнее время, программы электронной вёрстки типа Aldus PageMaker, в шаблонах которых используется Lorem Ipsum.\n",
    "slug": "vlastelin-kolets-stranstviia-v-sredizeme-tiomnye-tropy",
    "image": "https://hobbygames.ru/image/cache/hobbygames_beta/data/HobbyWorld/LOTR_stranstviya_v_sredizemye/Temnye_Tropy/Photos/LOTR_Shadowed_Paths00-209x273.jpg",
    "price": "6990.00",
    "number_of_persons": "1-5",
    "duration": "60",
    "age_limit": 13,
    "quantity": 1,
    "availability": true,
    "number_of_views": 2,
    "number_of_sales": 0,
    "category": 7,
    "created_at": "2023-07-15",
    "updated_at": "2023-07-15"
  }
},
{
  "model": "catalog.game",
  "pk": 137,
  "fields": {
    "title": "Особняки безумия. Вторая редакция: Улицы Аркхэма",
    "description": "\nLorem Ipsum - это текст-\"рыба\", часто используемый в печати и вэб-дизайне. Lorem Ipsum является стандартной \"рыбой\" для текстов на латинице с начала XVI века. В то время некий безымянный печатник создал большую коллекцию размеров и форм шрифтов, используя Lorem Ipsum для распечатки образцов. Lorem Ipsum не только успешно пережил без заметных изменений пять веков, но и перешагнул в электронный дизайн. Его популяризации в новое время послужили публикация листов Letraset с образцами Lorem Ipsum в 60-х годах и, в более недавнее время, программы электронной вёрстки типа Aldus PageMaker, в шаблонах которых используется Lorem Ipsum.\n",
    "slug": "osobniaki-bezumiia-vtoraia-redaktsiia-ulitsy-arkkhema",
    "image": "https://hobbygames.ru/image/cache/hobbygames_beta/data/HobbyWorld/Mansion_of_madness/Streets_of_Arkham/MoM_Streets of Arkham_box111-209x273.jpg",
    "price": "4990.00",
    "number_of_persons": "1-5",
    "duration": "120",
    "age_limit": 13,
    "quantity": 1,
    "availability": true,
    "number_of_views": 1,
    "number_of_sales": 0,
    "category": 4,
    "created_at": "2023-07-15",
    "updated_at": "2023-07-15"
  }
},
{
  "model": "catalog.game",
  "pk": 138,
  "fields": {
    "title": "Набор игр ",
    "description": "\nLorem Ipsum - это текст-\"рыба\", часто используемый в печати и вэб-дизайне. Lorem Ipsum является стандартной \"рыбой\" для текстов на латинице с начала XVI века. В то время некий безымянный печатник создал большую коллекцию размеров и форм шрифтов, используя Lorem Ipsum для распечатки образцов. Lorem Ipsum не только успешно пережил без заметных изменений пять веков, но и перешагнул в электронный дизайн. Его популяризации в новое время послужили публикация листов Letraset с образцами Lorem Ipsum в 60-х годах и, в более недавнее время, программы электронной вёрстки типа Aldus PageMaker, в шаблонах которых используется Lorem Ipsum.\n",
    "slug": "nabor-igri-dlya",
    "image": "https://hobbygames.ru/image/cache/hobbygames_beta/data/HobbyWorld/Bundles/esbm-209x273.jpg",
    "price": "6590.00",
    "number_of_persons": "2-6",
    "duration": "30",
    "age_limit": 18,
    "quantity": 1,
    "availability": true,
    "number_of_views": 0,
    "number_of_sales": 0,
    "category": 10,
    "created_at": "2023-07-15",
    "updated_at": "2023-07-15"
  }
},
{
  "model": "catalog.game",
  "pk": 139,
  "fields": {
    "title": "Кринж: Без выходных",
    "description": "\nLorem Ipsum - это текст-\"рыба\", часто используемый в печати и вэб-дизайне. Lorem Ipsum является стандартной \"рыбой\" для текстов на латинице с начала XVI века. В то время некий безымянный печатник создал большую коллекцию размеров и форм шрифтов, используя Lorem Ipsum для распечатки образцов. Lorem Ipsum не только успешно пережил без заметных изменений пять веков, но и перешагнул в электронный дизайн. Его популяризации в новое время послужили публикация листов Letraset с образцами Lorem Ipsum в 60-х годах и, в более недавнее время, программы электронной вёрстки типа Aldus PageMaker, в шаблонах которых используется Lorem Ipsum.\n",
    "slug": "krinzh-bez-vykhodnykh",
    "image": "https://hobbygames.ru/image/cache/hobbygames_beta/data/Magellan/Shut_Up_Boss/HG/cringe_00-209x273.JPG",
    "price": "1290.00",
    "number_of_persons": "3-1-2",
    "duration": "25",
    "age_limit": 18,
    "quantity": 1,
    "availability": true,
    "number_of_views": 0,
    "number_of_sales": 0,
    "category": 10,
    "created_at": "2023-07-15",
    "updated_at": "2023-07-15"
  }
},
{
  "model": "catalog.game",
  "pk": 140,
  "fields": {
    "title": "Битва пяти воинств",
    "description": "\nLorem Ipsum - это текст-\"рыба\", часто используемый в печати и вэб-дизайне. Lorem Ipsum является стандартной \"рыбой\" для текстов на латинице с начала XVI века. В то время некий безымянный печатник создал большую коллекцию размеров и форм шрифтов, используя Lorem Ipsum для распечатки образцов. Lorem Ipsum не только успешно пережил без заметных изменений пять веков, но и перешагнул в электронный дизайн. Его популяризации в новое время послужили публикация листов Letraset с образцами Lorem Ipsum в 60-х годах и, в более недавнее время, программы электронной вёрстки типа Aldus PageMaker, в шаблонах которых используется Lorem Ipsum.\n",
    "slug": "bitva-piati-voinstv",
    "image": "https://hobbygames.ru/image/cache/hobbygames_beta/data/Gaga/Bitva_pjati_voinstv/Bitva_pjati_voinstv_00-209x273.JPG",
    "price": "7990.00",
    "number_of_persons": "2",
    "duration": "60",
    "age_limit": 13,
    "quantity": 1,
    "availability": true,
    "number_of_views": 0,
    "number_of_sales": 0,
    "category": 5,
    "created_at": "2023-07-15",
    "updated_at": "2023-07-15"
  }
},
{
  "model": "catalog.game",
  "pk": 141,
  "fields": {
    "title": "Шакал: Остров Сокровищ",
    "description": "\nLorem Ipsum - это текст-\"рыба\", часто используемый в печати и вэб-дизайне. Lorem Ipsum является стандартной \"рыбой\" для текстов на латинице с начала XVI века. В то время некий безымянный печатник создал большую коллекцию размеров и форм шрифтов, используя Lorem Ipsum для распечатки образцов. Lorem Ipsum не только успешно пережил без заметных изменений пять веков, но и перешагнул в электронный дизайн. Его популяризации в новое время послужили публикация листов Letraset с образцами Lorem Ipsum в 60-х годах и, в более недавнее время, программы электронной вёрстки типа Aldus PageMaker, в шаблонах которых используется Lorem Ipsum.\n",
    "slug": "shakal-ostrov-sokrovishch",
    "image": "https://hobbygames.ru/image/cache/hobbygames_beta/data/Magellan/Jackal/Shakal_Ostrov_Sokrovisch/New_photo/shakal_ostrov_sokrovisch-209x273.jpg",
    "price": "2490.00",
    "number_of_persons": "2-4",
    "duration": "60",
    "age_limit": 6,
    "quantity": 1,
    "availability": true,
    "number_of_views": 0,
    "number_of_sales": 0,
    "category": 9,
    "created_at": "2023-07-15",
    "updated_at": "2023-07-15"
  }
},
{
  "model": "catalog.game",
  "pk": 142,
  "fields": {
    "title": "Warhammer Quest: Cursed City",
    "description": "\nLorem Ipsum - это текст-\"рыба\", часто используемый в печати и вэб-дизайне. Lorem Ipsum является стандартной \"рыбой\" для текстов на латинице с начала XVI века. В то время некий безымянный печатник создал большую коллекцию размеров и форм шрифтов, используя Lorem Ipsum для распечатки образцов. Lorem Ipsum не только успешно пережил без заметных изменений пять веков, но и перешагнул в электронный дизайн. Его популяризации в новое время послужили публикация листов Letraset с образцами Lorem Ipsum в 60-х годах и, в более недавнее время, программы электронной вёрстки типа Aldus PageMaker, в шаблонах которых используется Lorem Ipsum.\n",
    "slug": "warhammer-quest-cursed-city",
    "image": "https://hobbygames.ru/image/cache/hobbygames_beta/data/Games_Workshop_New/Boardgames/Warhammer Quest/Cursed_City/Warhammer-Quest-Cursed-City00-209x273.jpg",
    "price": "19950.00",
    "number_of_persons": "1-5",
    "duration": "60",
    "age_limit": 12,
    "quantity": 1,
    "availability": true,
    "number_of_views": 61,
    "number_of_sales": 0,
    "category": 7,
    "created_at": "2023-07-15",
    "updated_at": "2023-07-18"
  }
},
{
  "model": "catalog.game",
  "pk": 143,
  "fields": {
    "title": "Войны Чёрной Розы: Преисподняя",
    "description": "\nLorem Ipsum - это текст-\"рыба\", часто используемый в печати и вэб-дизайне. Lorem Ipsum является стандартной \"рыбой\" для текстов на латинице с начала XVI века. В то время некий безымянный печатник создал большую коллекцию размеров и форм шрифтов, используя Lorem Ipsum для распечатки образцов. Lorem Ipsum не только успешно пережил без заметных изменений пять веков, но и перешагнул в электронный дизайн. Его популяризации в новое время послужили публикация листов Letraset с образцами Lorem Ipsum в 60-х годах и, в более недавнее время, программы электронной вёрстки типа Aldus PageMaker, в шаблонах которых используется Lorem Ipsum.\n",
    "slug": "voiny-chiornoi-rozy-preispodniaia",
    "image": "https://hobbygames.ru/image/cache/hobbygames_beta/data/HobbyWorld/Black_Rose_War/Inferno/HG/voyny_chyornoy_rozy_preispodnyaya-209x273.jpg",
    "price": "8490.00",
    "number_of_persons": "2-4",
    "duration": "90",
    "age_limit": 18,
    "quantity": 1,
    "availability": true,
    "number_of_views": 0,
    "number_of_sales": 0,
    "category": 11,
    "created_at": "2023-07-15",
    "updated_at": "2023-07-15"
  }
},
{
  "model": "catalog.game",
  "pk": 144,
  "fields": {
    "title": "Fallout: Атомные узы",
    "description": "\nLorem Ipsum - это текст-\"рыба\", часто используемый в печати и вэб-дизайне. Lorem Ipsum является стандартной \"рыбой\" для текстов на латинице с начала XVI века. В то время некий безымянный печатник создал большую коллекцию размеров и форм шрифтов, используя Lorem Ipsum для распечатки образцов. Lorem Ipsum не только успешно пережил без заметных изменений пять веков, но и перешагнул в электронный дизайн. Его популяризации в новое время послужили публикация листов Letraset с образцами Lorem Ipsum в 60-х годах и, в более недавнее время, программы электронной вёрстки типа Aldus PageMaker, в шаблонах которых используется Lorem Ipsum.\n",
    "slug": "fallout-atomnye-uzy",
    "image": "https://hobbygames.ru/image/cache/hobbygames_beta/data/HobbyWorld/Fallout/Atomic_Bonds/Photos/Fallout_Atomic-Bonds00-209x273.jpg",
    "price": "990.00",
    "number_of_persons": "1-4",
    "duration": "120",
    "age_limit": 13,
    "quantity": 1,
    "availability": true,
    "number_of_views": 1,
    "number_of_sales": 0,
    "category": 11,
    "created_at": "2023-07-15",
    "updated_at": "2023-07-15"
  }
},
{
  "model": "catalog.game",
  "pk": 145,
  "fields": {
    "title": "BattleTech: Вторжение Кланов",
    "description": "\nLorem Ipsum - это текст-\"рыба\", часто используемый в печати и вэб-дизайне. Lorem Ipsum является стандартной \"рыбой\" для текстов на латинице с начала XVI века. В то время некий безымянный печатник создал большую коллекцию размеров и форм шрифтов, используя Lorem Ipsum для распечатки образцов. Lorem Ipsum не только успешно пережил без заметных изменений пять веков, но и перешагнул в электронный дизайн. Его популяризации в новое время послужили публикация листов Letraset с образцами Lorem Ipsum в 60-х годах и, в более недавнее время, программы электронной вёрстки типа Aldus PageMaker, в шаблонах которых используется Lorem Ipsum.\n",
    "slug": "battletech-vtorzhenie-klanov",
    "image": "https://hobbygames.ru/image/cache/hobbygames_beta/data/HobbyWorld/BattleTech/Boardgame/Vtorzhenie_Klanov/HG/battletech_vtorzhenie_klanov-209x273.jpg",
    "price": "3990.00",
    "number_of_persons": "2",
    "duration": "90",
    "age_limit": 13,
    "quantity": 1,
    "availability": true,
    "number_of_views": 0,
    "number_of_sales": 0,
    "category": 9,
    "created_at": "2023-07-15",
    "updated_at": "2023-07-15"
  }
},
{
  "model": "catalog.game",
  "pk": 146,
  "fields": {
    "title": "Пандемия",
    "description": "\nLorem Ipsum - это текст-\"рыба\", часто используемый в печати и вэб-дизайне. Lorem Ipsum является стандартной \"рыбой\" для текстов на латинице с начала XVI века. В то время некий безымянный печатник создал большую коллекцию размеров и форм шрифтов, используя Lorem Ipsum для распечатки образцов. Lorem Ipsum не только успешно пережил без заметных изменений пять веков, но и перешагнул в электронный дизайн. Его популяризации в новое время послужили публикация листов Letraset с образцами Lorem Ipsum в 60-х годах и, в более недавнее время, программы электронной вёрстки типа Aldus PageMaker, в шаблонах которых используется Lorem Ipsum.\n",
    "slug": "pandemiia",
    "image": "https://hobbygames.ru/image/cache/hobbygames_beta/data/Style_Jizny/Pandemia/Pandemic_2019-209x273.jpg",
    "price": "2990.00",
    "number_of_persons": "2-4",
    "duration": "40",
    "age_limit": 8,
    "quantity": 1,
    "availability": true,
    "number_of_views": 2,
    "number_of_sales": 0,
    "category": 7,
    "created_at": "2023-07-15",
    "updated_at": "2023-07-19"
  }
},
{
  "model": "catalog.game",
  "pk": 147,
  "fields": {
    "title": "Остров духов: Гиблый край",
    "description": "\nLorem Ipsum - это текст-\"рыба\", часто используемый в печати и вэб-дизайне. Lorem Ipsum является стандартной \"рыбой\" для текстов на латинице с начала XVI века. В то время некий безымянный печатник создал большую коллекцию размеров и форм шрифтов, используя Lorem Ipsum для распечатки образцов. Lorem Ipsum не только успешно пережил без заметных изменений пять веков, но и перешагнул в электронный дизайн. Его популяризации в новое время послужили публикация листов Letraset с образцами Lorem Ipsum в 60-х годах и, в более недавнее время, программы электронной вёрстки типа Aldus PageMaker, в шаблонах которых используется Lorem Ipsum.\n",
    "slug": "ostrov-dukhov-giblyi-krai",
    "image": "https://hobbygames.ru/image/cache/hobbygames_beta/data/HobbyWorld/Ostrov_Duhov/Giblij_Kraj/Ostrov_Duhov_Giblij_Kraj_00-209x273.jpg",
    "price": "4990.00",
    "number_of_persons": "1-6",
    "duration": "90",
    "age_limit": 13,
    "quantity": 1,
    "availability": true,
    "number_of_views": 8,
    "number_of_sales": 0,
    "category": 7,
    "created_at": "2023-07-15",
    "updated_at": "2023-07-22"
  }
},
{
  "model": "catalog.game",
  "pk": 148,
  "fields": {
    "title": "Ужас Аркхэма. Третья редакция: Во мраке ночи",
    "description": "\nLorem Ipsum - это текст-\"рыба\", часто используемый в печати и вэб-дизайне. Lorem Ipsum является стандартной \"рыбой\" для текстов на латинице с начала XVI века. В то время некий безымянный печатник создал большую коллекцию размеров и форм шрифтов, используя Lorem Ipsum для распечатки образцов. Lorem Ipsum не только успешно пережил без заметных изменений пять веков, но и перешагнул в электронный дизайн. Его популяризации в новое время послужили публикация листов Letraset с образцами Lorem Ipsum в 60-х годах и, в более недавнее время, программы электронной вёрстки типа Aldus PageMaker, в шаблонах которых используется Lorem Ipsum.\n",
    "slug": "uzhas-arkkhema-tretia-redaktsiia-vo-mrake-nochi",
    "image": "https://hobbygames.ru/image/cache/hobbygames_beta/data/HobbyWorld/Ujas_Arkhema/Vo_mrake_nochi/Arkham-Horror-3ed_Dead-of-Night_1-209x273.jpg",
    "price": "2490.00",
    "number_of_persons": "1-6",
    "duration": "120",
    "age_limit": 13,
    "quantity": 1,
    "availability": true,
    "number_of_views": 5,
    "number_of_sales": 0,
    "category": 6,
    "created_at": "2023-07-15",
    "updated_at": "2023-07-16"
  }
},
{
  "model": "catalog.game",
  "pk": 149,
  "fields": {
    "title": "Особняки безумия. Вторая редакция: За порогом",
    "description": "\nLorem Ipsum - это текст-\"рыба\", часто используемый в печати и вэб-дизайне. Lorem Ipsum является стандартной \"рыбой\" для текстов на латинице с начала XVI века. В то время некий безымянный печатник создал большую коллекцию размеров и форм шрифтов, используя Lorem Ipsum для распечатки образцов. Lorem Ipsum не только успешно пережил без заметных изменений пять веков, но и перешагнул в электронный дизайн. Его популяризации в новое время послужили публикация листов Letraset с образцами Lorem Ipsum в 60-х годах и, в более недавнее время, программы электронной вёрстки типа Aldus PageMaker, в шаблонах которых используется Lorem Ipsum.\n",
    "slug": "osobniaki-bezumiia-vtoraia-redaktsiia-za-porogom",
    "image": "https://hobbygames.ru/image/cache/hobbygames_beta/data/HobbyWorld/Mansion_of_madness/Za_porogom/Mansions_of_Madness_Beyond_the_Threshold_1-209x273.jpg",
    "price": "2490.00",
    "number_of_persons": "1-5",
    "duration": "120",
    "age_limit": 13,
    "quantity": 1,
    "availability": true,
    "number_of_views": 2,
    "number_of_sales": 0,
    "category": 9,
    "created_at": "2023-07-15",
    "updated_at": "2023-07-16"
  }
},
{
  "model": "catalog.game",
  "pk": 150,
  "fields": {
    "title": "Да, Темный Властелин! (Да, Хозяин!)",
    "description": "\nLorem Ipsum - это текст-\"рыба\", часто используемый в печати и вэб-дизайне. Lorem Ipsum является стандартной \"рыбой\" для текстов на латинице с начала XVI века. В то время некий безымянный печатник создал большую коллекцию размеров и форм шрифтов, используя Lorem Ipsum для распечатки образцов. Lorem Ipsum не только успешно пережил без заметных изменений пять веков, но и перешагнул в электронный дизайн. Его популяризации в новое время послужили публикация листов Letraset с образцами Lorem Ipsum в 60-х годах и, в более недавнее время, программы электронной вёрстки типа Aldus PageMaker, в шаблонах которых используется Lorem Ipsum.\n",
    "slug": "da-temnyi-vlastelin-da-khoziain",
    "image": "https://hobbygames.ru/image/cache/hobbygames_beta/data/HobbyWorld/Da_Temnyj_Vlastelin/ADO00-209x273.jpg",
    "price": "990.00",
    "number_of_persons": "4-9",
    "duration": "30",
    "age_limit": 12,
    "quantity": 1,
    "availability": true,
    "number_of_views": 0,
    "number_of_sales": 0,
    "category": 7,
    "created_at": "2023-07-15",
    "updated_at": "2023-07-15"
  }
},
{
  "model": "catalog.game",
  "pk": 151,
  "fields": {
    "title": "Герои Терринота",
    "description": "\nLorem Ipsum - это текст-\"рыба\", часто используемый в печати и вэб-дизайне. Lorem Ipsum является стандартной \"рыбой\" для текстов на латинице с начала XVI века. В то время некий безымянный печатник создал большую коллекцию размеров и форм шрифтов, используя Lorem Ipsum для распечатки образцов. Lorem Ipsum не только успешно пережил без заметных изменений пять веков, но и перешагнул в электронный дизайн. Его популяризации в новое время послужили публикация листов Letraset с образцами Lorem Ipsum в 60-х годах и, в более недавнее время, программы электронной вёрстки типа Aldus PageMaker, в шаблонах которых используется Lorem Ipsum.\n",
    "slug": "geroi-terrinota",
    "image": "https://hobbygames.ru/image/cache/hobbygames_beta/data/HobbyWorld/Geroi_Terrinota/HeroesOfTerrinoth_box-209x273.jpg",
    "price": "2490.00",
    "number_of_persons": "1-4",
    "duration": "45",
    "age_limit": 12,
    "quantity": 1,
    "availability": true,
    "number_of_views": 2,
    "number_of_sales": 0,
    "category": 9,
    "created_at": "2023-07-15",
    "updated_at": "2023-07-16"
  }
},
{
  "model": "catalog.game",
  "pk": 152,
  "fields": {
    "title": "Азул мини",
    "description": "\nLorem Ipsum - это текст-\"рыба\", часто используемый в печати и вэб-дизайне. Lorem Ipsum является стандартной \"рыбой\" для текстов на латинице с начала XVI века. В то время некий безымянный печатник создал большую коллекцию размеров и форм шрифтов, используя Lorem Ipsum для распечатки образцов. Lorem Ipsum не только успешно пережил без заметных изменений пять веков, но и перешагнул в электронный дизайн. Его популяризации в новое время послужили публикация листов Letraset с образцами Lorem Ipsum в 60-х годах и, в более недавнее время, программы электронной вёрстки типа Aldus PageMaker, в шаблонах которых используется Lorem Ipsum.\n",
    "slug": "azul-mini",
    "image": "https://hobbygames.ru/image/cache/hobbygames_beta/data/Zvezda/Azul/Mini/HG/Mini_00-209x273.JPG",
    "price": "1990.00",
    "number_of_persons": "2-4",
    "duration": "30",
    "age_limit": 8,
    "quantity": 1,
    "availability": true,
    "number_of_views": 1,
    "number_of_sales": 0,
    "category": 7,
    "created_at": "2023-07-15",
    "updated_at": "2023-07-16"
  }
},
{
  "model": "catalog.game",
  "pk": 153,
  "fields": {
    "title": "Особняки безумия. Вторая редакция: Путь змеи",
    "description": "\nLorem Ipsum - это текст-\"рыба\", часто используемый в печати и вэб-дизайне. Lorem Ipsum является стандартной \"рыбой\" для текстов на латинице с начала XVI века. В то время некий безымянный печатник создал большую коллекцию размеров и форм шрифтов, используя Lorem Ipsum для распечатки образцов. Lorem Ipsum не только успешно пережил без заметных изменений пять веков, но и перешагнул в электронный дизайн. Его популяризации в новое время послужили публикация листов Letraset с образцами Lorem Ipsum в 60-х годах и, в более недавнее время, программы электронной вёрстки типа Aldus PageMaker, в шаблонах которых используется Lorem Ipsum.\n",
    "slug": "osobniaki-bezumiia-vtoraia-redaktsiia-put-zmei",
    "image": "https://hobbygames.ru/image/cache/hobbygames_beta/data/HobbyWorld/Mansion_of_madness/Path_of_the_Serpent/Path_of_the_Serpent_00-209x273.jpg",
    "price": "4990.00",
    "number_of_persons": "1-5",
    "duration": "120",
    "age_limit": 13,
    "quantity": 1,
    "availability": true,
    "number_of_views": 16,
    "number_of_sales": 0,
    "category": 3,
    "created_at": "2023-07-15",
    "updated_at": "2023-07-18"
  }
},
{
  "model": "catalog.game",
  "pk": 154,
  "fields": {
    "title": "Игра Престолов: Мать драконов",
    "description": "\nLorem Ipsum - это текст-\"рыба\", часто используемый в печати и вэб-дизайне. Lorem Ipsum является стандартной \"рыбой\" для текстов на латинице с начала XVI века. В то время некий безымянный печатник создал большую коллекцию размеров и форм шрифтов, используя Lorem Ipsum для распечатки образцов. Lorem Ipsum не только успешно пережил без заметных изменений пять веков, но и перешагнул в электронный дизайн. Его популяризации в новое время послужили публикация листов Letraset с образцами Lorem Ipsum в 60-х годах и, в более недавнее время, программы электронной вёрстки типа Aldus PageMaker, в шаблонах которых используется Lorem Ipsum.\n",
    "slug": "igra-prestolov-mat-drakonov",
    "image": "https://hobbygames.ru/image/cache/hobbygames_beta/data/HobbyWorld/Game_of_Thrones/Mat_Drakonov/AGOT_mother_dragon-209x273.jpg",
    "price": "2990.00",
    "number_of_persons": "3-8",
    "duration": "120",
    "age_limit": 13,
    "quantity": 1,
    "availability": true,
    "number_of_views": 7,
    "number_of_sales": 0,
    "category": 6,
    "created_at": "2023-07-15",
    "updated_at": "2023-07-18"
  }
},
{
  "model": "catalog.category",
  "pk": 3,
  "fields": {
    "title": "Стратегические игры",
    "slug": "strategicheskie-igry",
    "image": "categories/2023/cat/free-icon-strategy-development-7699286.png",
    "description": "Банальные, но неопровержимые выводы, а также сторонники тоталитаризма в науке, инициированные исключительно синтетически, смешаны с не уникальными данными до степени совершенной неузнаваемости, из-за чего возрастает их статус бесполезности. Являясь всего лишь частью общей картины, некоторые особенности внутренней политики представляют собой не что иное, как квинтэссенцию победы маркетинга над разумом и должны быть представлены в исключительно положительном свете. Есть над чем задуматься: стремящиеся вытеснить традиционное производство, нанотехнологии представляют собой не что иное, как квинтэссенцию победы маркетинга над разумом и должны быть призваны к ответу.",
    "created_at": "2023-07-15",
    "updated_at": "2023-07-15"
  }
},
{
  "model": "catalog.category",
  "pk": 4,
  "fields": {
    "title": "Тактические игры",
    "slug": "takticheskie-igry",
    "image": "categories/2023/cat/free-icon-chess-6973609.png",
    "description": "Но независимые государства призывают нас к новым свершениям, которые, в свою очередь, должны быть объективно рассмотрены соответствующими инстанциями. Значимость этих проблем настолько очевидна, что курс на социально-ориентированный национальный проект позволяет оценить значение укрепления моральных ценностей. Как принято считать, сторонники тоталитаризма в науке призывают нас к новым свершениям, которые, в свою очередь, должны быть функционально разнесены на независимые элементы.",
    "created_at": "2023-07-15",
    "updated_at": "2023-07-15"
  }
},
{
  "model": "catalog.category",
  "pk": 5,
  "fields": {
    "title": "Ходилки-бродилки",
    "slug": "hodilki-brodilki",
    "image": "categories/2023/cat/free-icon-board-game-6552351.png",
    "description": "Как уже неоднократно упомянуто, реплицированные с зарубежных источников, современные исследования ограничены исключительно образом мышления. Есть над чем задуматься: явные признаки победы институционализации обнародованы. Как уже неоднократно упомянуто, диаграммы связей набирают популярность среди определенных слоев населения, а значит, должны быть заблокированы в рамках своих собственных рациональных ограничений.",
    "created_at": "2023-07-15",
    "updated_at": "2023-07-15"
  }
},
{
  "model": "catalog.category",
  "pk": 6,
  "fields": {
    "title": "Семейные игры",
    "slug": "semejnye-igry",
    "image": "categories/2023/cat/free-icon-strategy-game-2012588.png",
    "description": "Принимая во внимание показатели успешности, глубокий уровень погружения требует анализа своевременного выполнения сверхзадачи. Не следует, однако, забывать, что выбранный нами инновационный путь не оставляет шанса для укрепления моральных ценностей. Как уже неоднократно упомянуто, диаграммы связей указаны как претенденты на роль ключевых факторов.",
    "created_at": "2023-07-15",
    "updated_at": "2023-07-15"
  }
},
{
  "model": "catalog.category",
  "pk": 7,
  "fields": {
    "title": "Игры для 2х игроков",
    "slug": "igry-dlya-2h-igrokov",
    "image": "categories/2023/cat/free-icon-chess-6973675.png",
    "description": "Разнообразный и богатый опыт говорит нам, что понимание сути ресурсосберегающих технологий обеспечивает широкому кругу (специалистов) участие в формировании экспериментов, поражающих по своей масштабности и грандиозности. Идейные соображения высшего порядка, а также постоянное информационно-пропагандистское обеспечение нашей деятельности требует анализа экономической целесообразности принимаемых решений. Каждый из нас понимает очевидную вещь: сложившаяся структура организации, в своём классическом представлении, допускает внедрение первоочередных требований!",
    "created_at": "2023-07-15",
    "updated_at": "2023-07-15"
  }
},
{
  "model": "catalog.category",
  "pk": 8,
  "fields": {
    "title": "Карточные игры",
    "slug": "kartochnye-igry",
    "image": "categories/2023/cat/free-icon-board-game-3430778.png",
    "description": "Следует отметить, что повышение уровня гражданского сознания предопределяет высокую востребованность стандартных подходов. Как уже неоднократно упомянуто, активно развивающиеся страны третьего мира являются только методом политического участия и объединены в целые кластеры себе подобных. С другой стороны, высокое качество позиционных исследований влечет за собой процесс внедрения и модернизации кластеризации усилий.",
    "created_at": "2023-07-15",
    "updated_at": "2023-07-15"
  }
},
{
  "model": "catalog.category",
  "pk": 9,
  "fields": {
    "title": "Игры для детей",
    "slug": "igry-dlya-detej",
    "image": "categories/2023/cat/free-icon-role-playing-game-6081851.png",
    "description": "Принимая во внимание показатели успешности, сплочённость команды профессионалов создаёт необходимость включения в производственный план целого ряда внеочередных мероприятий с учётом комплекса стандартных подходов. Картельные сговоры не допускают ситуации, при которой многие известные личности призывают нас к новым свершениям, которые, в свою очередь, должны быть объективно рассмотрены соответствующими инстанциями. Каждый из нас понимает очевидную вещь: высокотехнологичная концепция общественного уклада способствует подготовке и реализации анализа существующих паттернов поведения.",
    "created_at": "2023-07-15",
    "updated_at": "2023-07-15"
  }
},
{
  "model": "catalog.category",
  "pk": 10,
  "fields": {
    "title": "Ролевые настольные игры",
    "slug": "rolevye-nastolnye-igry",
    "image": "categories/2023/cat/free-icon-potion-7400844.png",
    "description": "Сложно сказать, почему явные признаки победы институционализации являются только методом политического участия и в равной степени предоставлены сами себе. Следует отметить, что понимание сути ресурсосберегающих технологий, а также свежий взгляд на привычные вещи — безусловно открывает новые горизонты для новых принципов формирования материально-технической и кадровой базы. Каждый из нас понимает очевидную вещь: убеждённость некоторых оппонентов является качественно новой ступенью благоприятных перспектив!",
    "created_at": "2023-07-15",
    "updated_at": "2023-07-15"
  }
},
{
  "model": "catalog.category",
  "pk": 11,
  "fields": {
    "title": "Приключенческие игры",
    "slug": "priklyuchencheskie-igry",
    "image": "categories/2023/cat/free-icon-rpg-6695099.png",
    "description": "Прародителем текста-рыбы является известный \"Lorem Ipsum\" — латинский текст, ноги которого растут аж из 45 года до нашей эры. Сервисов по созданию случайного текста на основе Lorem Ipsum великое множество, однако все они имеют один существенный недостаток: их \"рыба текст\" подходит лишь для англоязычных ресурсов/проектов. Мы же, фактически, предлагаем Lorem Ipsum на русском языке — вы можете использовать полученный здесь контент абсолютно бесплатно и в любых целях, не запрещённых законодательством. Однако в случае, если сгенерированный здесь текст используется в коммерческом или публичном проекте, ссылка на наш сервис обязательна.",
    "created_at": "2023-07-15",
    "updated_at": "2023-07-15"
  }
},
{
  "model": "profile_app.profile",
  "pk": 1,
  "fields": {
    "user": 10,
    "username": "Тихон",
    "password": "1111",
    "phone": "+7 (890) 504-29-61",
    "email": "KirKryk@yandex.ru",
    "avatar": "profiles/profile/3981.jpg",
    "discount": 0,
    "amount_of_purchases": 0
  }
},
{
  "model": "profile_app.profile",
  "pk": 2,
  "fields": {
    "user": 11,
    "username": "Никита",
    "password": "1111",
    "phone": null,
    "email": "testy@yandex.ru",
    "avatar": "profiles/profile/899.jpg",
    "discount": 0,
    "amount_of_purchases": 0
  }
},
{
  "model": "profile_app.profile",
  "pk": 3,
  "fields": {
    "user": 12,
    "username": "Павел",
    "password": "1111",
    "phone": "+79435738336",
    "email": "miha@m2zzzail.com",
    "avatar": "profiles/profile/921.jpg",
    "discount": 0,
    "amount_of_purchases": 0
  }
},
{
  "model": "profile_app.profile",
  "pk": 4,
  "fields": {
    "user": 13,
    "username": "Роман",
    "password": "0000Test",
    "phone": "+79435738336",
    "email": "rgvaramadze@bk.ru",
    "avatar": "profiles/profile/3903.jpg",
    "discount": 0,
    "amount_of_purchases": 0
  }
},
{
  "model": "blog.post",
  "pk": 1,
  "fields": {
    "title": "Сумерки имерии. 4-е издание",
    "slug": "sumerki-imerii-4-e-izdanie",
    "main_img": "blog/posts/1_E1vA5b8.png",
    "p1": "Сумеречные войны утихли, и остатки великих рас Лазакской империи вернулись на родные планеты. В галактике наступило спокойствие. Но вот прошло время, и великие расы стали посматривать за пределы своих миров в сторону планеты Мекатол-Рекс, где все еще пустует величественный Престол. Вновь пошли разговоры о Великой Войне, ибо каждый хочет стать Владыкой Галактики.\r\n\r\nПервая игра серии Twilight Imperium (или Сумерки Империи) была выпущена еще в 1997 году. С тех пор многое изменилось, и спустя 20 лет, Fantasy Flight Games выпустила четвертую часть этой эпохальной галактической стратегии. В игре может принимать участие компания из 3-6 человек, каждый из которых выступает в роли лидера одной из 17 преуспевающих космических держав.",
    "img1": "blog/posts/3.png",
    "p2": "Давайте попытаемся разобраться в механиках этой игры. Первое, что хотелось бы сказать, порядок хода игроков не зависит от того, как вы сидите за столом, а каждый раунд начинается с выбора игроками карт Стратегии, которые задают темп и динамику игры. Каждая такая карта имеет уникальную первичную способность, которую использует игрок в фазу Действия, а также вторичный эффект, используемый другими игроками. Каждая карта Стратегии обладает собственным номером, который и определяет очередность хода. Это создает определенную динамику, при которой игроки не только выбирают между свойствами карт, но и планируют время наступления своего хода. Похожая механика встречается в игре “Виноделье”, не так ли, если конечно вы в нее играли.\r\n\r\nБольшую часть раунда игроки ведут активные действия на игровой карте, активируя систему за системой. Согласно правилам игры, каждую систему можно активировать только один раз в раунд. Некоторые способности убирают с игрового поля жетоны команд, позволяя совершать это действие повторно. В зависимости от характеристик своих кораблей, игроки могут активировать системы, направляя туда свои войска (как наземные, так и воздушные). Каждый снаряженный корабль может переместиться в активную систему, мобилизовать наземные войска и взять планету под контроль.",
    "img2": "blog/posts/2.png",
    "p3": "Также в игре присутствует механика скрытых целей, что делает игру более острой и живой. Как только кто-то из игроков захватывает Мекатол-Рекс, в игру вводится фаза Политики. Во время этой фазы созывается галактический совет, который будет принимать решения, влияющие как на ситуацию в игре, так и на судьбу всей галактики. В этой фазе игроки, с помощью специальных карт политики, голосуют за принятие новых законов и распоряжений, которые весомо повлияют на игровую ситуацию. Лишь в эту фазу фракции могут торговать и обмениваться чем-то. Игроки могут с помощью товаров, искусства дипломатии или других механизмов воздействия, договариваться о поддержке, заключать временные союзы и объединяться в альянсы против другой расы. Если говорить про законы, принятие которых обсуждается на голосовании – они уникальны и максимально приближены к реальности. Примером может служить закон о демилитаризации системы, сокращение количества истребителей или снятие ограничений планетарных систем защиты, расположенных на одной из планет. Большинство законов направленны на снижение агрессии, но некоторые наоборот, поощряют стремительные военные действия.",
    "img3": "",
    "other_text": "",
    "created_at": "2023-07-14",
    "updated_at": "2023-07-15",
    "author": 2,
    "availability": true
  }
},
{
  "model": "blog.post",
  "pk": 7,
  "fields": {
    "title": "Звёздные войны: Восстание",
    "slug": "star_wars_rebellion",
    "main_img": "blog/posts/IMG_20201005_201907_НР-1080x617.jpg",
    "p1": "В то время, как вселенная «Звёздных войн» продолжает расти и шириться за счёт отличного качества стаффа, спорного содержания книг и банально-смешных злодеев, игра от FFG Star Wars: Rebellion грозится стать для настольщиков чем-то вроде старушки War of the Ring с торчащими ушами механик из Horus Heresy и Twilight Imperium 3ed.\r\n\r\n \r\n\r\nСудите сами: коробка со 170 миниатюрами, сражениями на земле и в космосе, кучей карт, большущим полем, на двоих игроков, с механикой невидимой цели для одного из участников партии и возможностью поиграть вчетвером 2 на 2. Сразу всплывает в воображении именно «Война кольца». Притянуто за уши немного, но игравшие смогут провести некоторую параллель как с ней, так и с упомянутыми гробами. Другими словами, это смесь из старых-добрых тяжеловесных настолок.\r\n\r\n \r\n\r\nВсю прошлую неделю FFG агрессивно атаковали падаванов превьюшками процесса новинки и обещали продолжить это нещадное маркетинговое избиение. Посидел, почитал я материал и решил, что оно таки требует освещения для заинтересованной общественности. В данной статье постарался скомпоновать полезную информацию о механиках грядущей Star Wars: Rebellion.",
    "img1": "blog/posts/photo_1.jpg",
    "p2": "Как уже упоминалось в анонсе игры, тут мы будем управлять космическими флотами и наземными войсками, которые ведут в бой знакомые с детства герои: Люк Скайуокер, Дарт Вейдер, Принцесса Лея, Хан Соло, Император Палпатин и прочие. Временной промежуток действа — Гражданская Галактическая Война, то бишь оригинальная трилогия. Для полного понимания процесса игры давайте-ка пойдём прямо по тексту превьюх — для начала взглянем на отличающиеся условия победы Империи и Альянса Повстанцев.\r\nИгрок за Империю в Star Wars: Rebellion должен найти и уничтожить базу Повстанцев. Сделаете это — и вы победите. Имперское условие победы не оставляет места для двояких трактовок, но оно не так прямолинейно достижимо, как может показаться.\r\n\r\n \r\n\r\nЕсть 32 системы, представленные на игровом поле планетами, и карточки всех из них, кроме Корусанта, замешаны в колоде зондов. По ходу партии, когда ваши зонды-дроиды рыскают по галактике, вы тянете карты из этой колоды, постепенно исключая из своего списка системы, в которых не была обнаружена база повстанцев.\r\n\r\n \r\n\r\nКолода зондов составляется во время подготовки к партии. Игрок за повстанцев выбирает одну систему в качестве своей базы, тайно от противника тянет её карту из колоды зондов и кладёт под игровое поле (прямо как в Cluedo, ага).",
    "img2": "",
    "p3": "",
    "img3": "",
    "other_text": "",
    "created_at": "2023-07-14",
    "updated_at": "2023-07-14",
    "author": 4,
    "availability": true
  }
},
{
  "model": "blog.post",
  "pk": 8,
  "fields": {
    "title": "Агрикола",
    "slug": "agricola",
    "main_img": "blog/posts/Агрикола-настольная-игра_wO3t577.jpg",
    "p1": "Представьте себе Центральную Европу, приблизительно 1670 год, когда чума, свирепствующая на протяжении нескольких столетий, наконец ушла, а цивилизация начала медленно вставать на ноги и возрождаться. Основа для этого – фермерские семьи, которые смогли бы построить для начала простенькие избы, вспахать и засеять пустующие поля, собрать с них урожай, запастись продуктами, памятуя о недавнем голоде, и, конечно, обзавестись потомством. Никто не гарантирует успех, предстоит очень много работы и трудностей, но в этом и заключается жизнь.\r\n\r\nДавайте перенесёмся в мир \"Агриколы\"…",
    "img1": "blog/posts/Pil_Agricola_06_DKDNxhE.jpg",
    "p2": "Перед вами настольная стратегическая игра \"Агрикола\", которая по праву считается одной из лучших семейных игр за всю историю настолок! Долгое время она занимала лидирующие позиции в мировых рейтингах настольных игр, также она обладает более чем тридцатью (подумайте только!) почётными наградами. Это уже второе издание игры, которое немного отличается от оригинала 2007 года: количество карт снизилось с 360 до 120, карты стартовых действий заменили на игровые планшеты, максимальное количество игроков стало равняться четырём, изменился дизайн, а игровые ресурсы в виде пшеницы, овощей, дерева, кирпича и камня получили новую форму. После этой работы над ошибками, на выходе мы получаем улучшенную и доработанную версию всеми любимой \"Агриколы\". Давайте разберёмся, что же это за игра.",
    "img2": "blog/posts/photo_L4ic4KW.jpg",
    "p3": "В переводе с латыни \"агрикола\" – это земледелец и, как вы уже давно догадались, нам предстоит заботиться и развивать наше собственное хозяйство.\r\n\r\nКаждый игрок представляет молодую крестьянскую семью, которая в начале игры обладает лишь небольшим земельным участком и домиком на нём. Под руководством игрока эта семья начнёт вести своё хозяйство: добывать ресурсы, выращивать скот и строить для него загоны, вспахивать и улучшать поля, выращивать зерно и овощи, улучшать свой дом, собирать урожаи, обзаводиться потомством, но главное – стремиться прокормить себя! Безумно сложно уследить сразу за всем, но только представьте, насколько интересно попробовать себя в роли хозяина фермы и самому организовать всю работу этой ячейки общества!",
    "img3": "blog/posts/igroved_agricola_07_5jfpmWR.jpg",
    "other_text": "Как играть?\r\nНа начало партии семейство каждого игрока насчитывает двоих человек, с помощью которых и предстоит развивать фермерский участок, представленный в игре специальным планшетом. Планшет представляет вам пространство 5х3 блока, а изначально из них занято лишь два – это ваш дом.\r\n\r\nПартия в \"Агриколу\" длится четырнадцать раундов.\r\n\r\nПо ходу партии игроки будут каждый раунд отправлять членов семьи на различные работы, которых с каждым раундом будет становиться всё больше и больше. Так, на первых раундах игрокам недоступны овощи, свиньи, коровы, пополнение в семействе и некоторые ресурсы. При этом на одной работе может быть задействован только один человек, так что между игроками так или иначе возникнет хоть и не прямая, но конкуренция. Из-за неё игрокам придётся подстраиваться под ход игры и искать новые стратегии в развитии своего хозяйства.\r\n\r\nВ процессе игры ваше фермерское хозяйство будет расти, вы обзаведётесь животными, на вспаханных полях вырастут зерно и овощи, ваш дом станет больше и сможет вмещать новых членов семьи, которых также придётся кормить. С другой стороны, чем больше ваша семья, тем больше дел по хозяйству вы сможете выполнить! Семью необходимо накормить в конце раунда, который заканчивается Урожаем. Таких раундов в игре шесть. Во время этой фазы все игроки собирают урожай с полей, увеличивают поголовье своего скота и кормят членов своей семьи.\r\n\r\nВаша основная цель на игру заключается в добыче пропитания для своей семьи и развитии свой фермы – именно это принесёт вам основные победные очки в конце игры.\r\n\r\nСтруктура хода выглядит следующим образом:\r\n\r\nПодготовительная фаза – каждый раунд в игру вводится новая доступная ячейка действия\r\nФаза работы – основная фаза, в которую игроки по очереди размещают одного родича на ячейку с действием\r\nФаза возвращения по домам – когда все игроки разместили своих родичей, они возвращаются обратно домой по комнатам\r\nСбор урожая – некоторые раунды заканчиваются сбором урожая – вы собираете урожай зерна и овощей с полей, кормите свою семью, а также разводите животных",
    "created_at": "2023-07-14",
    "updated_at": "2023-07-14",
    "author": 1,
    "availability": true
  }
},
{
  "model": "blog.post",
  "pk": 9,
  "fields": {
    "title": "Сквозь века",
    "slug": "throught_the_ages",
    "main_img": "blog/posts/Skvoz_Veka-1024x1024-wm.jpg",
    "p1": "Встаньте во главе собственной цивилизации и проведите ее сквозь века к величию и процветанию!\r\n\r\nВ этой сбалансированной стратегии вам предстоит вести свой народ (изначально примитивный, но очень жаждущий развиваться) через 4 эпохи – от глубокой древности до эры информации. В этом вам помогут могущественные лидеры (Ганди, Черчилль и даже Сид Мейер собственной персоной), чудеса света и, главное, ваше стратегическое мышление. \r\n\r\nВас ждет череда непростых решений, забота о благе и безопасности ваших людей, изучение технологий, войны и смуты (если народ не кормить – он с большими шансами придет задать пару вопросов правителю).\r\n\r\nПопробуйте себя в роли правителя целой нации!",
    "img1": "blog/posts/photo_Sbx4r2x.jpg",
    "p2": "Игрокам предстоит пройти через 4 условные эпохи — от античности до эры информации. Каждый ход вы будете тратить очки действий на изучение технологий, увеличение численности населения, а также постройку и улучшение зданий, обучение отрядов и многое другое. Выбор ваших действий по-настоящему богат: будете ли вы миролюбивым покровителем наук и искусств или воинственным промышленником, а, может быть, изберете один из множества других путей?\r\n\r\nВ этой монументальной игре огромная роль отводится изучению технологий. Вам не нужно заниматься бесконечным строительством базовых шахт для увеличения производства или “спамить” античными воинами, чтобы иметь военное преимущество. Действуйте мудрее! Изучите добычу железа — пусть ваши шахты работают эффективнее. Исследуйте порох и тактику наполеоновской армии — и архаичные мечники превратятся в организованную линейную пехоту.",
    "img2": "blog/posts/photo_1_PWdSugn.jpg",
    "p3": "Умело распоряжайтесь населением своей цивилизации. Игра постоянно ставит перед вами сложные вопросы: “Не отправить ли ученых работать на фермы, чтобы обеспечить свой народ пищей?” или “Не переобучить ли рабочих в солдат, а в свой следующий ход объявить войну соседу?”. Но не забывайте — чем многочисленнее население вашей цивилизации, тем больше еды оно потребляет и тем больше от вас требуется усилий, чтобы оно было довольно. Недовольные жители и вовсе могут поднять восстание.\r\n\r\nСогласитесь, управлять цивилизацией непросто. Подспорьем в этом нелегком деле вам станут лидеры. Многие выдающиеся личности из разных эпох и времен готовы прийти на помощь: от Юлия Цезаря и Аристотеля до Билла Гейтса и Махатмы Ганди. Кстати, в игре есть даже Сид Мейер!",
    "img3": "",
    "other_text": "",
    "created_at": "2023-07-15",
    "updated_at": "2023-07-15",
    "author": 2,
    "availability": true
  }
},
{
  "model": "blog.post",
  "pk": 10,
  "fields": {
    "title": "Сумеречная борьба",
    "slug": "twilight_struggle",
    "main_img": "blog/posts/1.jpg",
    "p1": "Сумеречная Борьба — игра-легенда, чьи достижения можно перечислять бесконечно: от звания лучшей игры для двоих до признания лучшей настольной игрой современности. Эта захватывающая история про холодную войну уже десятки лет держится в топе лучших игр BoardGameGeek и остаётся одним из самых первоклассных варгеймов. Сумеречная Борьба — это ваш шанс лично насладиться этим жарким противостоянием и постараться хоть немного изменить неумолимый ход событий.\r\n\r\nВ этой исторической справке содержатся комментарии к каждой карте от авторов игры и профессора СПбГУ.",
    "img1": "blog/posts/2.jpg",
    "p2": "История полна закрученных интриг и противостояний. Одним из самых эпичных стала холодная война — бескомпромиссная борьба двух сверхдержав, повлиявшая на весь мир. Прикоснитесь к этим событиям, сыграв в Сумеречную Борьбу. Вы увидите, как выглядит мир глазами политиков, станете виновниками создания НАТО и заключения Варшавского договора, развяжете несколько локальных войн, чтобы увеличить свое присутствие в отдельных регионах, и даже сможете поучаствовать в Олимпийских играх.",
    "img2": "blog/posts/3.jpg",
    "p3": "США — это страна возможностей, а во внешней политике легко может разобраться даже простая кухарка. Так и в этой игре: понять, что от вас требуется, не очень сложно. На протяжении десяти раундов вы разыгрываете карты из руки, применяя их одним из двух способов: осуществив указанные там исторические события или усилив свое влияние. Влиять можно по-разному: распространив свое влияние, уменьшив чужое  или организовав переворот в странах, подконтрольных противнику. За один раунд вы используете почти все свои карты, поэтому выбирайте правильную и наиболее выгодную последовательность.\r\n\r\nБудь бдителен, товарищ, не доверяй вражеской пропаганде, думая, что одолеть противника так же легко, как сыграть в карты. Каждое действие — это не просто какой-то эффект или очки операций, а целая веха в истории, которая несет за собой последствия. Особенно опасно использовать для увеличения своего влияния события, выгодные оппоненту. Приложите все усилия, чтобы минимизировать свои потери.",
    "img3": "",
    "other_text": "",
    "created_at": "2023-07-15",
    "updated_at": "2023-07-15",
    "author": 4,
    "availability": true
  }
},
{
  "model": "blog.review",
  "pk": 1,
  "fields": {
    "text": "тест",
    "author": 1,
    "post": 1,
    "created_at": "2023-07-15"
  }
},
{
  "model": "blog.review",
  "pk": 2,
  "fields": {
    "text": "Че за тест? Какой-то Васяцкий коментарий получается. Нормально не мог написать?",
    "author": 4,
    "post": 1,
    "created_at": "2023-07-15"
  }
},
{
  "model": "blog.review",
  "pk": 3,
  "fields": {
    "text": "Пробуем отправить ajax",
    "author": 4,
    "post": 1,
    "created_at": "2023-07-15"
  }
},
{
  "model": "blog.review",
  "pk": 4,
  "fields": {
    "text": "Получается полная ерунда. Нужно разобраться с javascript, а потом уже писать функции.",
    "author": 4,
    "post": 1,
    "created_at": "2023-07-15"
  }
},
{
  "model": "blog.review",
  "pk": 5,
  "fields": {
    "text": "Возвращаемся к обычному способу отправки",
    "author": 4,
    "post": 1,
    "created_at": "2023-07-15"
  }
},
{
  "model": "blog.review",
  "pk": 6,
  "fields": {
    "text": "Да, это отличная игра",
    "author": 4,
    "post": 9,
    "created_at": "2023-07-15"
  }
},
{
  "model": "blog.review",
  "pk": 7,
  "fields": {
    "text": "Вот жешь!",
    "author": 1,
    "post": 10,
    "created_at": "2023-07-17"
  }
},
{
  "model": "orders.order",
  "pk": 17,
  "fields": {
    "owner": 1,
    "first_name": "Тихон",
    "last_name": "Алексеевич",
    "email": "Kryyyyy@yandex.ru",
    "address": "Жуковцева 25",
    "postal_code": "334566",
    "city": "Игницы",
    "created": "2023-07-18T20:06:23.959Z",
    "updated": "2023-07-18T20:06:23.959Z",
    "paid": false
  }
},
{
  "model": "orders.order",
  "pk": 18,
  "fields": {
    "owner": 1,
    "first_name": "Тихон",
    "last_name": "Романов",
    "email": "Kryyyyy@yandex.ru",
    "address": "Жуковцева 25",
    "postal_code": "305031",
    "city": "Игницы",
    "created": "2023-07-18T20:11:03.237Z",
    "updated": "2023-07-18T20:11:03.237Z",
    "paid": false
  }
},
{
  "model": "orders.order",
  "pk": 19,
  "fields": {
    "owner": 1,
    "first_name": "Тихон",
    "last_name": "Романов",
    "email": "Kryyyyy@yandex.ru",
    "address": "Жуковцева 25",
    "postal_code": "305031",
    "city": "Игницы",
    "created": "2023-07-18T20:11:04.243Z",
    "updated": "2023-07-18T20:11:04.243Z",
    "paid": false
  }
},
{
  "model": "orders.order",
  "pk": 20,
  "fields": {
    "owner": 4,
    "first_name": "Роман",
    "last_name": "Романов",
    "email": "rgvaramadze@bk.ru",
    "address": "rgvaramadze@bk.ru",
    "postal_code": "305031",
    "city": "Курск",
    "created": "2023-07-18T20:17:02.768Z",
    "updated": "2023-07-18T20:17:41.231Z",
    "paid": true
  }
},
{
  "model": "orders.order",
  "pk": 21,
  "fields": {
    "owner": 4,
    "first_name": "Роман",
    "last_name": "Романов",
    "email": "rgvaramadze@bk.ru",
    "address": "rgvaramadze@bk.ru",
    "postal_code": "305031",
    "city": "Курск",
    "created": "2023-07-18T20:40:47.233Z",
    "updated": "2023-07-18T20:41:23.142Z",
    "paid": true
  }
},
{
  "model": "orders.order",
  "pk": 22,
  "fields": {
    "owner": 1,
    "first_name": "Тихон",
    "last_name": "Алексеевич",
    "email": "Kryyyyy@yandex.ru",
    "address": "Жуковцева 25",
    "postal_code": "334566",
    "city": "Игницы",
    "created": "2023-07-20T09:49:55.421Z",
    "updated": "2023-07-20T09:49:55.421Z",
    "paid": false
  }
},
{
  "model": "orders.orderitem",
  "pk": 17,
  "fields": {
    "order": 17,
    "product": 96,
    "price": "3490.00",
    "quantity": 2
  }
},
{
  "model": "orders.orderitem",
  "pk": 18,
  "fields": {
    "order": 18,
    "product": 153,
    "price": "4990.00",
    "quantity": 1
  }
},
{
  "model": "orders.orderitem",
  "pk": 19,
  "fields": {
    "order": 19,
    "product": 153,
    "price": "4990.00",
    "quantity": 1
  }
},
{
  "model": "orders.orderitem",
  "pk": 20,
  "fields": {
    "order": 20,
    "product": 100,
    "price": "2990.00",
    "quantity": 2
  }
},
{
  "model": "orders.orderitem",
  "pk": 21,
  "fields": {
    "order": 21,
    "product": 142,
    "price": "19950.00",
    "quantity": 2
  }
},
{
  "model": "orders.orderitem",
  "pk": 22,
  "fields": {
    "order": 21,
    "product": 96,
    "price": "3490.00",
    "quantity": 1
  }
},
{
  "model": "orders.orderitem",
  "pk": 23,
  "fields": {
    "order": 21,
    "product": 78,
    "price": "2990.00",
    "quantity": 3
  }
},
{
  "model": "orders.orderitem",
  "pk": 24,
  "fields": {
    "order": 22,
    "product": 142,
    "price": "19950.00",
    "quantity": 1
  }
},
{
  "model": "orders.orderitem",
  "pk": 25,
  "fields": {
    "order": 22,
    "product": 153,
    "price": "4990.00",
    "quantity": 4
  }
},
{
  "model": "orders.orderitem",
  "pk": 26,
  "fields": {
    "order": 22,
    "product": 16,
    "price": "8990.00",
    "quantity": 1
  }
},
{
  "model": "sites.site",
  "pk": 1,
  "fields": {
    "domain": "green-wizard.ru",
    "name": "green-wizard.ru"
  }
},
{
  "model": "taggit.tag",
  "pk": 1,
  "fields": {
    "name": "фэнтези",
    "slug": "fantasy"
  }
},
{
  "model": "taggit.tag",
  "pk": 2,
  "fields": {
    "name": "зомби",
    "slug": "zombie"
  }
},
{
  "model": "taggit.tag",
  "pk": 3,
  "fields": {
    "name": "мясорубка",
    "slug": "madness"
  }
},
{
  "model": "taggit.tag",
  "pk": 4,
  "fields": {
    "name": "кооператив",
    "slug": "cooperative"
  }
},
{
  "model": "taggit.tag",
  "pk": 7,
  "fields": {
    "name": "болезни",
    "slug": "bolezni"
  }
},
{
  "model": "taggit.tag",
  "pk": 8,
  "fields": {
    "name": "space",
    "slug": "space"
  }
},
{
  "model": "taggit.tag",
  "pk": 9,
  "fields": {
    "name": "fantastic",
    "slug": "fantastic"
  }
},
{
  "model": "taggit.tag",
  "pk": 10,
  "fields": {
    "name": "economy",
    "slug": "economy"
  }
},
{
  "model": "taggit.tag",
  "pk": 11,
  "fields": {
    "name": "townbuilding",
    "slug": "townbuilding"
  }
},
{
  "model": "taggit.tag",
  "pk": 12,
  "fields": {
    "name": "robots",
    "slug": "robots"
  }
},
{
  "model": "taggit.tag",
  "pk": 13,
  "fields": {
    "name": "warkraft",
    "slug": "warkraft"
  }
},
{
  "model": "taggit.tag",
  "pk": 14,
  "fields": {
    "name": "fighting",
    "slug": "fighting"
  }
},
{
  "model": "taggit.tag",
  "pk": 15,
  "fields": {
    "name": "ancients-wars",
    "slug": "ancients-wars"
  }
},
{
  "model": "taggit.tag",
  "pk": 16,
  "fields": {
    "name": "dungeouns",
    "slug": "dungeouns"
  }
},
{
  "model": "taggit.tag",
  "pk": 17,
  "fields": {
    "name": "home",
    "slug": "home"
  }
},
{
  "model": "taggit.tag",
  "pk": 18,
  "fields": {
    "name": "monopoly",
    "slug": "monopoly"
  }
},
{
  "model": "taggit.tag",
  "pk": 19,
  "fields": {
    "name": "animals",
    "slug": "animals"
  }
},
{
  "model": "taggit.tag",
  "pk": 20,
  "fields": {
    "name": "postapocalypsis",
    "slug": "postapocalypsis"
  }
},
{
  "model": "taggit.tag",
  "pk": 21,
  "fields": {
    "name": "TwilightImperium",
    "slug": "twilightimperium"
  }
},
{
  "model": "taggit.tag",
  "pk": 23,
  "fields": {
    "name": "Fantastic",
    "slug": "fantastic_1"
  }
},
{
  "model": "taggit.tag",
  "pk": 24,
  "fields": {
    "name": "DeepSpace",
    "slug": "deepspace"
  }
},
{
  "model": "taggit.tag",
  "pk": 25,
  "fields": {
    "name": "rosenberg",
    "slug": "rosenberg"
  }
},
{
  "model": "taggit.tag",
  "pk": 26,
  "fields": {
    "name": "economy_strategy",
    "slug": "economy_strategy"
  }
},
{
  "model": "taggit.tag",
  "pk": 29,
  "fields": {
    "name": "fantasy",
    "slug": "fantasy_1"
  }
},
{
  "model": "taggit.taggeditem",
  "pk": 1,
  "fields": {
    "tag": 1,
    "content_type": 8,
    "object_id": 9
  }
},
{
  "model": "taggit.taggeditem",
  "pk": 2,
  "fields": {
    "tag": 2,
    "content_type": 8,
    "object_id": 9
  }
},
{
  "model": "taggit.taggeditem",
  "pk": 3,
  "fields": {
    "tag": 3,
    "content_type": 8,
    "object_id": 9
  }
},
{
  "model": "taggit.taggeditem",
  "pk": 4,
  "fields": {
    "tag": 4,
    "content_type": 8,
    "object_id": 9
  }
},
{
  "model": "taggit.taggeditem",
  "pk": 5,
  "fields": {
    "tag": 7,
    "content_type": 8,
    "object_id": 12
  }
},
{
  "model": "taggit.taggeditem",
  "pk": 6,
  "fields": {
    "tag": 7,
    "content_type": 8,
    "object_id": 34
  }
},
{
  "model": "taggit.taggeditem",
  "pk": 7,
  "fields": {
    "tag": 7,
    "content_type": 8,
    "object_id": 122
  }
},
{
  "model": "taggit.taggeditem",
  "pk": 8,
  "fields": {
    "tag": 7,
    "content_type": 8,
    "object_id": 1
  }
},
{
  "model": "taggit.taggeditem",
  "pk": 9,
  "fields": {
    "tag": 7,
    "content_type": 8,
    "object_id": 54
  }
},
{
  "model": "taggit.taggeditem",
  "pk": 10,
  "fields": {
    "tag": 7,
    "content_type": 8,
    "object_id": 87
  }
},
{
  "model": "taggit.taggeditem",
  "pk": 11,
  "fields": {
    "tag": 8,
    "content_type": 8,
    "object_id": 70
  }
},
{
  "model": "taggit.taggeditem",
  "pk": 12,
  "fields": {
    "tag": 8,
    "content_type": 8,
    "object_id": 69
  }
},
{
  "model": "taggit.taggeditem",
  "pk": 13,
  "fields": {
    "tag": 8,
    "content_type": 8,
    "object_id": 68
  }
},
{
  "model": "taggit.taggeditem",
  "pk": 14,
  "fields": {
    "tag": 8,
    "content_type": 8,
    "object_id": 67
  }
},
{
  "model": "taggit.taggeditem",
  "pk": 15,
  "fields": {
    "tag": 8,
    "content_type": 8,
    "object_id": 66
  }
},
{
  "model": "taggit.taggeditem",
  "pk": 16,
  "fields": {
    "tag": 8,
    "content_type": 8,
    "object_id": 65
  }
},
{
  "model": "taggit.taggeditem",
  "pk": 17,
  "fields": {
    "tag": 8,
    "content_type": 8,
    "object_id": 64
  }
},
{
  "model": "taggit.taggeditem",
  "pk": 18,
  "fields": {
    "tag": 8,
    "content_type": 8,
    "object_id": 63
  }
},
{
  "model": "taggit.taggeditem",
  "pk": 19,
  "fields": {
    "tag": 8,
    "content_type": 8,
    "object_id": 62
  }
},
{
  "model": "taggit.taggeditem",
  "pk": 20,
  "fields": {
    "tag": 8,
    "content_type": 8,
    "object_id": 61
  }
},
{
  "model": "taggit.taggeditem",
  "pk": 21,
  "fields": {
    "tag": 8,
    "content_type": 8,
    "object_id": 60
  }
},
{
  "model": "taggit.taggeditem",
  "pk": 22,
  "fields": {
    "tag": 8,
    "content_type": 8,
    "object_id": 59
  }
},
{
  "model": "taggit.taggeditem",
  "pk": 23,
  "fields": {
    "tag": 8,
    "content_type": 8,
    "object_id": 58
  }
},
{
  "model": "taggit.taggeditem",
  "pk": 24,
  "fields": {
    "tag": 8,
    "content_type": 8,
    "object_id": 57
  }
},
{
  "model": "taggit.taggeditem",
  "pk": 25,
  "fields": {
    "tag": 8,
    "content_type": 8,
    "object_id": 56
  }
},
{
  "model": "taggit.taggeditem",
  "pk": 26,
  "fields": {
    "tag": 8,
    "content_type": 8,
    "object_id": 55
  }
},
{
  "model": "taggit.taggeditem",
  "pk": 27,
  "fields": {
    "tag": 8,
    "content_type": 8,
    "object_id": 54
  }
},
{
  "model": "taggit.taggeditem",
  "pk": 28,
  "fields": {
    "tag": 8,
    "content_type": 8,
    "object_id": 53
  }
},
{
  "model": "taggit.taggeditem",
  "pk": 29,
  "fields": {
    "tag": 8,
    "content_type": 8,
    "object_id": 52
  }
},
{
  "model": "taggit.taggeditem",
  "pk": 30,
  "fields": {
    "tag": 8,
    "content_type": 8,
    "object_id": 51
  }
},
{
  "model": "taggit.taggeditem",
  "pk": 31,
  "fields": {
    "tag": 8,
    "content_type": 8,
    "object_id": 50
  }
},
{
  "model": "taggit.taggeditem",
  "pk": 32,
  "fields": {
    "tag": 8,
    "content_type": 8,
    "object_id": 49
  }
},
{
  "model": "taggit.taggeditem",
  "pk": 33,
  "fields": {
    "tag": 8,
    "content_type": 8,
    "object_id": 48
  }
},
{
  "model": "taggit.taggeditem",
  "pk": 34,
  "fields": {
    "tag": 8,
    "content_type": 8,
    "object_id": 47
  }
},
{
  "model": "taggit.taggeditem",
  "pk": 35,
  "fields": {
    "tag": 8,
    "content_type": 8,
    "object_id": 46
  }
},
{
  "model": "taggit.taggeditem",
  "pk": 36,
  "fields": {
    "tag": 8,
    "content_type": 8,
    "object_id": 45
  }
},
{
  "model": "taggit.taggeditem",
  "pk": 37,
  "fields": {
    "tag": 8,
    "content_type": 8,
    "object_id": 44
  }
},
{
  "model": "taggit.taggeditem",
  "pk": 38,
  "fields": {
    "tag": 8,
    "content_type": 8,
    "object_id": 43
  }
},
{
  "model": "taggit.taggeditem",
  "pk": 39,
  "fields": {
    "tag": 8,
    "content_type": 8,
    "object_id": 42
  }
},
{
  "model": "taggit.taggeditem",
  "pk": 40,
  "fields": {
    "tag": 8,
    "content_type": 8,
    "object_id": 41
  }
},
{
  "model": "taggit.taggeditem",
  "pk": 41,
  "fields": {
    "tag": 8,
    "content_type": 8,
    "object_id": 40
  }
},
{
  "model": "taggit.taggeditem",
  "pk": 42,
  "fields": {
    "tag": 8,
    "content_type": 8,
    "object_id": 39
  }
},
{
  "model": "taggit.taggeditem",
  "pk": 43,
  "fields": {
    "tag": 8,
    "content_type": 8,
    "object_id": 38
  }
},
{
  "model": "taggit.taggeditem",
  "pk": 44,
  "fields": {
    "tag": 8,
    "content_type": 8,
    "object_id": 37
  }
},
{
  "model": "taggit.taggeditem",
  "pk": 45,
  "fields": {
    "tag": 8,
    "content_type": 8,
    "object_id": 36
  }
},
{
  "model": "taggit.taggeditem",
  "pk": 46,
  "fields": {
    "tag": 8,
    "content_type": 8,
    "object_id": 35
  }
},
{
  "model": "taggit.taggeditem",
  "pk": 47,
  "fields": {
    "tag": 8,
    "content_type": 8,
    "object_id": 34
  }
},
{
  "model": "taggit.taggeditem",
  "pk": 48,
  "fields": {
    "tag": 8,
    "content_type": 8,
    "object_id": 33
  }
},
{
  "model": "taggit.taggeditem",
  "pk": 49,
  "fields": {
    "tag": 8,
    "content_type": 8,
    "object_id": 32
  }
},
{
  "model": "taggit.taggeditem",
  "pk": 50,
  "fields": {
    "tag": 8,
    "content_type": 8,
    "object_id": 31
  }
},
{
  "model": "taggit.taggeditem",
  "pk": 51,
  "fields": {
    "tag": 8,
    "content_type": 8,
    "object_id": 30
  }
},
{
  "model": "taggit.taggeditem",
  "pk": 52,
  "fields": {
    "tag": 8,
    "content_type": 8,
    "object_id": 29
  }
},
{
  "model": "taggit.taggeditem",
  "pk": 53,
  "fields": {
    "tag": 8,
    "content_type": 8,
    "object_id": 28
  }
},
{
  "model": "taggit.taggeditem",
  "pk": 54,
  "fields": {
    "tag": 8,
    "content_type": 8,
    "object_id": 27
  }
},
{
  "model": "taggit.taggeditem",
  "pk": 55,
  "fields": {
    "tag": 8,
    "content_type": 8,
    "object_id": 26
  }
},
{
  "model": "taggit.taggeditem",
  "pk": 56,
  "fields": {
    "tag": 8,
    "content_type": 8,
    "object_id": 25
  }
},
{
  "model": "taggit.taggeditem",
  "pk": 57,
  "fields": {
    "tag": 8,
    "content_type": 8,
    "object_id": 24
  }
},
{
  "model": "taggit.taggeditem",
  "pk": 58,
  "fields": {
    "tag": 8,
    "content_type": 8,
    "object_id": 23
  }
},
{
  "model": "taggit.taggeditem",
  "pk": 59,
  "fields": {
    "tag": 8,
    "content_type": 8,
    "object_id": 22
  }
},
{
  "model": "taggit.taggeditem",
  "pk": 60,
  "fields": {
    "tag": 8,
    "content_type": 8,
    "object_id": 21
  }
},
{
  "model": "taggit.taggeditem",
  "pk": 61,
  "fields": {
    "tag": 8,
    "content_type": 8,
    "object_id": 20
  }
},
{
  "model": "taggit.taggeditem",
  "pk": 62,
  "fields": {
    "tag": 8,
    "content_type": 8,
    "object_id": 19
  }
},
{
  "model": "taggit.taggeditem",
  "pk": 63,
  "fields": {
    "tag": 8,
    "content_type": 8,
    "object_id": 18
  }
},
{
  "model": "taggit.taggeditem",
  "pk": 64,
  "fields": {
    "tag": 9,
    "content_type": 8,
    "object_id": 140
  }
},
{
  "model": "taggit.taggeditem",
  "pk": 65,
  "fields": {
    "tag": 10,
    "content_type": 8,
    "object_id": 140
  }
},
{
  "model": "taggit.taggeditem",
  "pk": 66,
  "fields": {
    "tag": 11,
    "content_type": 8,
    "object_id": 140
  }
},
{
  "model": "taggit.taggeditem",
  "pk": 67,
  "fields": {
    "tag": 12,
    "content_type": 8,
    "object_id": 140
  }
},
{
  "model": "taggit.taggeditem",
  "pk": 68,
  "fields": {
    "tag": 13,
    "content_type": 8,
    "object_id": 140
  }
},
{
  "model": "taggit.taggeditem",
  "pk": 69,
  "fields": {
    "tag": 9,
    "content_type": 8,
    "object_id": 136
  }
},
{
  "model": "taggit.taggeditem",
  "pk": 70,
  "fields": {
    "tag": 10,
    "content_type": 8,
    "object_id": 136
  }
},
{
  "model": "taggit.taggeditem",
  "pk": 71,
  "fields": {
    "tag": 11,
    "content_type": 8,
    "object_id": 136
  }
},
{
  "model": "taggit.taggeditem",
  "pk": 72,
  "fields": {
    "tag": 12,
    "content_type": 8,
    "object_id": 136
  }
},
{
  "model": "taggit.taggeditem",
  "pk": 73,
  "fields": {
    "tag": 13,
    "content_type": 8,
    "object_id": 136
  }
},
{
  "model": "taggit.taggeditem",
  "pk": 74,
  "fields": {
    "tag": 9,
    "content_type": 8,
    "object_id": 113
  }
},
{
  "model": "taggit.taggeditem",
  "pk": 75,
  "fields": {
    "tag": 10,
    "content_type": 8,
    "object_id": 113
  }
},
{
  "model": "taggit.taggeditem",
  "pk": 76,
  "fields": {
    "tag": 11,
    "content_type": 8,
    "object_id": 113
  }
},
{
  "model": "taggit.taggeditem",
  "pk": 77,
  "fields": {
    "tag": 12,
    "content_type": 8,
    "object_id": 113
  }
},
{
  "model": "taggit.taggeditem",
  "pk": 78,
  "fields": {
    "tag": 13,
    "content_type": 8,
    "object_id": 113
  }
},
{
  "model": "taggit.taggeditem",
  "pk": 79,
  "fields": {
    "tag": 9,
    "content_type": 8,
    "object_id": 111
  }
},
{
  "model": "taggit.taggeditem",
  "pk": 80,
  "fields": {
    "tag": 10,
    "content_type": 8,
    "object_id": 111
  }
},
{
  "model": "taggit.taggeditem",
  "pk": 81,
  "fields": {
    "tag": 11,
    "content_type": 8,
    "object_id": 111
  }
},
{
  "model": "taggit.taggeditem",
  "pk": 82,
  "fields": {
    "tag": 12,
    "content_type": 8,
    "object_id": 111
  }
},
{
  "model": "taggit.taggeditem",
  "pk": 83,
  "fields": {
    "tag": 13,
    "content_type": 8,
    "object_id": 111
  }
},
{
  "model": "taggit.taggeditem",
  "pk": 84,
  "fields": {
    "tag": 9,
    "content_type": 8,
    "object_id": 108
  }
},
{
  "model": "taggit.taggeditem",
  "pk": 85,
  "fields": {
    "tag": 10,
    "content_type": 8,
    "object_id": 108
  }
},
{
  "model": "taggit.taggeditem",
  "pk": 86,
  "fields": {
    "tag": 11,
    "content_type": 8,
    "object_id": 108
  }
},
{
  "model": "taggit.taggeditem",
  "pk": 87,
  "fields": {
    "tag": 12,
    "content_type": 8,
    "object_id": 108
  }
},
{
  "model": "taggit.taggeditem",
  "pk": 88,
  "fields": {
    "tag": 13,
    "content_type": 8,
    "object_id": 108
  }
},
{
  "model": "taggit.taggeditem",
  "pk": 89,
  "fields": {
    "tag": 9,
    "content_type": 8,
    "object_id": 106
  }
},
{
  "model": "taggit.taggeditem",
  "pk": 90,
  "fields": {
    "tag": 10,
    "content_type": 8,
    "object_id": 106
  }
},
{
  "model": "taggit.taggeditem",
  "pk": 91,
  "fields": {
    "tag": 11,
    "content_type": 8,
    "object_id": 106
  }
},
{
  "model": "taggit.taggeditem",
  "pk": 92,
  "fields": {
    "tag": 12,
    "content_type": 8,
    "object_id": 106
  }
},
{
  "model": "taggit.taggeditem",
  "pk": 93,
  "fields": {
    "tag": 13,
    "content_type": 8,
    "object_id": 106
  }
},
{
  "model": "taggit.taggeditem",
  "pk": 94,
  "fields": {
    "tag": 9,
    "content_type": 8,
    "object_id": 96
  }
},
{
  "model": "taggit.taggeditem",
  "pk": 95,
  "fields": {
    "tag": 10,
    "content_type": 8,
    "object_id": 96
  }
},
{
  "model": "taggit.taggeditem",
  "pk": 96,
  "fields": {
    "tag": 11,
    "content_type": 8,
    "object_id": 96
  }
},
{
  "model": "taggit.taggeditem",
  "pk": 97,
  "fields": {
    "tag": 12,
    "content_type": 8,
    "object_id": 96
  }
},
{
  "model": "taggit.taggeditem",
  "pk": 98,
  "fields": {
    "tag": 13,
    "content_type": 8,
    "object_id": 96
  }
},
{
  "model": "taggit.taggeditem",
  "pk": 99,
  "fields": {
    "tag": 9,
    "content_type": 8,
    "object_id": 93
  }
},
{
  "model": "taggit.taggeditem",
  "pk": 100,
  "fields": {
    "tag": 10,
    "content_type": 8,
    "object_id": 93
  }
},
{
  "model": "taggit.taggeditem",
  "pk": 101,
  "fields": {
    "tag": 11,
    "content_type": 8,
    "object_id": 93
  }
},
{
  "model": "taggit.taggeditem",
  "pk": 102,
  "fields": {
    "tag": 12,
    "content_type": 8,
    "object_id": 93
  }
},
{
  "model": "taggit.taggeditem",
  "pk": 103,
  "fields": {
    "tag": 13,
    "content_type": 8,
    "object_id": 93
  }
},
{
  "model": "taggit.taggeditem",
  "pk": 104,
  "fields": {
    "tag": 9,
    "content_type": 8,
    "object_id": 86
  }
},
{
  "model": "taggit.taggeditem",
  "pk": 105,
  "fields": {
    "tag": 10,
    "content_type": 8,
    "object_id": 86
  }
},
{
  "model": "taggit.taggeditem",
  "pk": 106,
  "fields": {
    "tag": 11,
    "content_type": 8,
    "object_id": 86
  }
},
{
  "model": "taggit.taggeditem",
  "pk": 107,
  "fields": {
    "tag": 12,
    "content_type": 8,
    "object_id": 86
  }
},
{
  "model": "taggit.taggeditem",
  "pk": 108,
  "fields": {
    "tag": 13,
    "content_type": 8,
    "object_id": 86
  }
},
{
  "model": "taggit.taggeditem",
  "pk": 109,
  "fields": {
    "tag": 9,
    "content_type": 8,
    "object_id": 82
  }
},
{
  "model": "taggit.taggeditem",
  "pk": 110,
  "fields": {
    "tag": 10,
    "content_type": 8,
    "object_id": 82
  }
},
{
  "model": "taggit.taggeditem",
  "pk": 111,
  "fields": {
    "tag": 11,
    "content_type": 8,
    "object_id": 82
  }
},
{
  "model": "taggit.taggeditem",
  "pk": 112,
  "fields": {
    "tag": 12,
    "content_type": 8,
    "object_id": 82
  }
},
{
  "model": "taggit.taggeditem",
  "pk": 113,
  "fields": {
    "tag": 13,
    "content_type": 8,
    "object_id": 82
  }
},
{
  "model": "taggit.taggeditem",
  "pk": 114,
  "fields": {
    "tag": 9,
    "content_type": 8,
    "object_id": 75
  }
},
{
  "model": "taggit.taggeditem",
  "pk": 115,
  "fields": {
    "tag": 10,
    "content_type": 8,
    "object_id": 75
  }
},
{
  "model": "taggit.taggeditem",
  "pk": 116,
  "fields": {
    "tag": 11,
    "content_type": 8,
    "object_id": 75
  }
},
{
  "model": "taggit.taggeditem",
  "pk": 117,
  "fields": {
    "tag": 12,
    "content_type": 8,
    "object_id": 75
  }
},
{
  "model": "taggit.taggeditem",
  "pk": 118,
  "fields": {
    "tag": 13,
    "content_type": 8,
    "object_id": 75
  }
},
{
  "model": "taggit.taggeditem",
  "pk": 119,
  "fields": {
    "tag": 9,
    "content_type": 8,
    "object_id": 74
  }
},
{
  "model": "taggit.taggeditem",
  "pk": 120,
  "fields": {
    "tag": 10,
    "content_type": 8,
    "object_id": 74
  }
},
{
  "model": "taggit.taggeditem",
  "pk": 121,
  "fields": {
    "tag": 11,
    "content_type": 8,
    "object_id": 74
  }
},
{
  "model": "taggit.taggeditem",
  "pk": 122,
  "fields": {
    "tag": 12,
    "content_type": 8,
    "object_id": 74
  }
},
{
  "model": "taggit.taggeditem",
  "pk": 123,
  "fields": {
    "tag": 13,
    "content_type": 8,
    "object_id": 74
  }
},
{
  "model": "taggit.taggeditem",
  "pk": 124,
  "fields": {
    "tag": 9,
    "content_type": 8,
    "object_id": 73
  }
},
{
  "model": "taggit.taggeditem",
  "pk": 125,
  "fields": {
    "tag": 10,
    "content_type": 8,
    "object_id": 73
  }
},
{
  "model": "taggit.taggeditem",
  "pk": 126,
  "fields": {
    "tag": 11,
    "content_type": 8,
    "object_id": 73
  }
},
{
  "model": "taggit.taggeditem",
  "pk": 127,
  "fields": {
    "tag": 12,
    "content_type": 8,
    "object_id": 73
  }
},
{
  "model": "taggit.taggeditem",
  "pk": 128,
  "fields": {
    "tag": 13,
    "content_type": 8,
    "object_id": 73
  }
},
{
  "model": "taggit.taggeditem",
  "pk": 129,
  "fields": {
    "tag": 9,
    "content_type": 8,
    "object_id": 64
  }
},
{
  "model": "taggit.taggeditem",
  "pk": 130,
  "fields": {
    "tag": 10,
    "content_type": 8,
    "object_id": 64
  }
},
{
  "model": "taggit.taggeditem",
  "pk": 131,
  "fields": {
    "tag": 11,
    "content_type": 8,
    "object_id": 64
  }
},
{
  "model": "taggit.taggeditem",
  "pk": 132,
  "fields": {
    "tag": 12,
    "content_type": 8,
    "object_id": 64
  }
},
{
  "model": "taggit.taggeditem",
  "pk": 133,
  "fields": {
    "tag": 13,
    "content_type": 8,
    "object_id": 64
  }
},
{
  "model": "taggit.taggeditem",
  "pk": 134,
  "fields": {
    "tag": 9,
    "content_type": 8,
    "object_id": 58
  }
},
{
  "model": "taggit.taggeditem",
  "pk": 135,
  "fields": {
    "tag": 10,
    "content_type": 8,
    "object_id": 58
  }
},
{
  "model": "taggit.taggeditem",
  "pk": 136,
  "fields": {
    "tag": 11,
    "content_type": 8,
    "object_id": 58
  }
},
{
  "model": "taggit.taggeditem",
  "pk": 137,
  "fields": {
    "tag": 12,
    "content_type": 8,
    "object_id": 58
  }
},
{
  "model": "taggit.taggeditem",
  "pk": 138,
  "fields": {
    "tag": 13,
    "content_type": 8,
    "object_id": 58
  }
},
{
  "model": "taggit.taggeditem",
  "pk": 139,
  "fields": {
    "tag": 9,
    "content_type": 8,
    "object_id": 55
  }
},
{
  "model": "taggit.taggeditem",
  "pk": 140,
  "fields": {
    "tag": 10,
    "content_type": 8,
    "object_id": 55
  }
},
{
  "model": "taggit.taggeditem",
  "pk": 141,
  "fields": {
    "tag": 11,
    "content_type": 8,
    "object_id": 55
  }
},
{
  "model": "taggit.taggeditem",
  "pk": 142,
  "fields": {
    "tag": 12,
    "content_type": 8,
    "object_id": 55
  }
},
{
  "model": "taggit.taggeditem",
  "pk": 143,
  "fields": {
    "tag": 13,
    "content_type": 8,
    "object_id": 55
  }
},
{
  "model": "taggit.taggeditem",
  "pk": 144,
  "fields": {
    "tag": 9,
    "content_type": 8,
    "object_id": 47
  }
},
{
  "model": "taggit.taggeditem",
  "pk": 145,
  "fields": {
    "tag": 10,
    "content_type": 8,
    "object_id": 47
  }
},
{
  "model": "taggit.taggeditem",
  "pk": 146,
  "fields": {
    "tag": 11,
    "content_type": 8,
    "object_id": 47
  }
},
{
  "model": "taggit.taggeditem",
  "pk": 147,
  "fields": {
    "tag": 12,
    "content_type": 8,
    "object_id": 47
  }
},
{
  "model": "taggit.taggeditem",
  "pk": 148,
  "fields": {
    "tag": 13,
    "content_type": 8,
    "object_id": 47
  }
},
{
  "model": "taggit.taggeditem",
  "pk": 149,
  "fields": {
    "tag": 9,
    "content_type": 8,
    "object_id": 41
  }
},
{
  "model": "taggit.taggeditem",
  "pk": 150,
  "fields": {
    "tag": 10,
    "content_type": 8,
    "object_id": 41
  }
},
{
  "model": "taggit.taggeditem",
  "pk": 151,
  "fields": {
    "tag": 11,
    "content_type": 8,
    "object_id": 41
  }
},
{
  "model": "taggit.taggeditem",
  "pk": 152,
  "fields": {
    "tag": 12,
    "content_type": 8,
    "object_id": 41
  }
},
{
  "model": "taggit.taggeditem",
  "pk": 153,
  "fields": {
    "tag": 13,
    "content_type": 8,
    "object_id": 41
  }
},
{
  "model": "taggit.taggeditem",
  "pk": 154,
  "fields": {
    "tag": 9,
    "content_type": 8,
    "object_id": 31
  }
},
{
  "model": "taggit.taggeditem",
  "pk": 155,
  "fields": {
    "tag": 10,
    "content_type": 8,
    "object_id": 31
  }
},
{
  "model": "taggit.taggeditem",
  "pk": 156,
  "fields": {
    "tag": 11,
    "content_type": 8,
    "object_id": 31
  }
},
{
  "model": "taggit.taggeditem",
  "pk": 157,
  "fields": {
    "tag": 12,
    "content_type": 8,
    "object_id": 31
  }
},
{
  "model": "taggit.taggeditem",
  "pk": 158,
  "fields": {
    "tag": 13,
    "content_type": 8,
    "object_id": 31
  }
},
{
  "model": "taggit.taggeditem",
  "pk": 159,
  "fields": {
    "tag": 9,
    "content_type": 8,
    "object_id": 24
  }
},
{
  "model": "taggit.taggeditem",
  "pk": 160,
  "fields": {
    "tag": 10,
    "content_type": 8,
    "object_id": 24
  }
},
{
  "model": "taggit.taggeditem",
  "pk": 161,
  "fields": {
    "tag": 11,
    "content_type": 8,
    "object_id": 24
  }
},
{
  "model": "taggit.taggeditem",
  "pk": 162,
  "fields": {
    "tag": 12,
    "content_type": 8,
    "object_id": 24
  }
},
{
  "model": "taggit.taggeditem",
  "pk": 163,
  "fields": {
    "tag": 13,
    "content_type": 8,
    "object_id": 24
  }
},
{
  "model": "taggit.taggeditem",
  "pk": 164,
  "fields": {
    "tag": 14,
    "content_type": 8,
    "object_id": 88
  }
},
{
  "model": "taggit.taggeditem",
  "pk": 165,
  "fields": {
    "tag": 14,
    "content_type": 8,
    "object_id": 73
  }
},
{
  "model": "taggit.taggeditem",
  "pk": 166,
  "fields": {
    "tag": 15,
    "content_type": 8,
    "object_id": 30
  }
},
{
  "model": "taggit.taggeditem",
  "pk": 167,
  "fields": {
    "tag": 16,
    "content_type": 8,
    "object_id": 138
  }
},
{
  "model": "taggit.taggeditem",
  "pk": 168,
  "fields": {
    "tag": 17,
    "content_type": 8,
    "object_id": 25
  }
},
{
  "model": "taggit.taggeditem",
  "pk": 169,
  "fields": {
    "tag": 18,
    "content_type": 8,
    "object_id": 138
  }
},
{
  "model": "taggit.taggeditem",
  "pk": 170,
  "fields": {
    "tag": 14,
    "content_type": 8,
    "object_id": 111
  }
},
{
  "model": "taggit.taggeditem",
  "pk": 171,
  "fields": {
    "tag": 19,
    "content_type": 8,
    "object_id": 87
  }
},
{
  "model": "taggit.taggeditem",
  "pk": 172,
  "fields": {
    "tag": 14,
    "content_type": 8,
    "object_id": 140
  }
},
{
  "model": "taggit.taggeditem",
  "pk": 173,
  "fields": {
    "tag": 19,
    "content_type": 8,
    "object_id": 54
  }
},
{
  "model": "taggit.taggeditem",
  "pk": 174,
  "fields": {
    "tag": 20,
    "content_type": 8,
    "object_id": 26
  }
},
{
  "model": "taggit.taggeditem",
  "pk": 175,
  "fields": {
    "tag": 17,
    "content_type": 8,
    "object_id": 105
  }
},
{
  "model": "taggit.taggeditem",
  "pk": 176,
  "fields": {
    "tag": 17,
    "content_type": 8,
    "object_id": 71
  }
},
{
  "model": "taggit.taggeditem",
  "pk": 177,
  "fields": {
    "tag": 19,
    "content_type": 8,
    "object_id": 23
  }
},
{
  "model": "taggit.taggeditem",
  "pk": 178,
  "fields": {
    "tag": 14,
    "content_type": 8,
    "object_id": 66
  }
},
{
  "model": "taggit.taggeditem",
  "pk": 179,
  "fields": {
    "tag": 20,
    "content_type": 8,
    "object_id": 109
  }
},
{
  "model": "taggit.taggeditem",
  "pk": 180,
  "fields": {
    "tag": 16,
    "content_type": 8,
    "object_id": 69
  }
},
{
  "model": "taggit.taggeditem",
  "pk": 181,
  "fields": {
    "tag": 20,
    "content_type": 8,
    "object_id": 48
  }
},
{
  "model": "taggit.taggeditem",
  "pk": 182,
  "fields": {
    "tag": 16,
    "content_type": 8,
    "object_id": 30
  }
},
{
  "model": "taggit.taggeditem",
  "pk": 183,
  "fields": {
    "tag": 14,
    "content_type": 8,
    "object_id": 50
  }
},
{
  "model": "taggit.taggeditem",
  "pk": 184,
  "fields": {
    "tag": 16,
    "content_type": 8,
    "object_id": 62
  }
},
{
  "model": "taggit.taggeditem",
  "pk": 185,
  "fields": {
    "tag": 20,
    "content_type": 8,
    "object_id": 121
  }
},
{
  "model": "taggit.taggeditem",
  "pk": 186,
  "fields": {
    "tag": 16,
    "content_type": 8,
    "object_id": 17
  }
},
{
  "model": "taggit.taggeditem",
  "pk": 187,
  "fields": {
    "tag": 16,
    "content_type": 8,
    "object_id": 66
  }
},
{
  "model": "taggit.taggeditem",
  "pk": 188,
  "fields": {
    "tag": 16,
    "content_type": 8,
    "object_id": 73
  }
},
{
  "model": "taggit.taggeditem",
  "pk": 189,
  "fields": {
    "tag": 18,
    "content_type": 8,
    "object_id": 73
  }
},
{
  "model": "taggit.taggeditem",
  "pk": 190,
  "fields": {
    "tag": 16,
    "content_type": 8,
    "object_id": 71
  }
},
{
  "model": "taggit.taggeditem",
  "pk": 191,
  "fields": {
    "tag": 17,
    "content_type": 8,
    "object_id": 26
  }
},
{
  "model": "taggit.taggeditem",
  "pk": 192,
  "fields": {
    "tag": 19,
    "content_type": 8,
    "object_id": 76
  }
},
{
  "model": "taggit.taggeditem",
  "pk": 193,
  "fields": {
    "tag": 17,
    "content_type": 8,
    "object_id": 66
  }
},
{
  "model": "taggit.taggeditem",
  "pk": 194,
  "fields": {
    "tag": 18,
    "content_type": 8,
    "object_id": 54
  }
},
{
  "model": "taggit.taggeditem",
  "pk": 195,
  "fields": {
    "tag": 20,
    "content_type": 8,
    "object_id": 42
  }
},
{
  "model": "taggit.taggeditem",
  "pk": 196,
  "fields": {
    "tag": 20,
    "content_type": 8,
    "object_id": 29
  }
},
{
  "model": "taggit.taggeditem",
  "pk": 197,
  "fields": {
    "tag": 15,
    "content_type": 8,
    "object_id": 113
  }
},
{
  "model": "taggit.taggeditem",
  "pk": 198,
  "fields": {
    "tag": 19,
    "content_type": 8,
    "object_id": 121
  }
},
{
  "model": "taggit.taggeditem",
  "pk": 199,
  "fields": {
    "tag": 18,
    "content_type": 8,
    "object_id": 88
  }
},
{
  "model": "taggit.taggeditem",
  "pk": 200,
  "fields": {
    "tag": 18,
    "content_type": 8,
    "object_id": 98
  }
},
{
  "model": "taggit.taggeditem",
  "pk": 201,
  "fields": {
    "tag": 18,
    "content_type": 8,
    "object_id": 111
  }
},
{
  "model": "taggit.taggeditem",
  "pk": 202,
  "fields": {
    "tag": 19,
    "content_type": 8,
    "object_id": 116
  }
},
{
  "model": "taggit.taggeditem",
  "pk": 203,
  "fields": {
    "tag": 17,
    "content_type": 8,
    "object_id": 42
  }
},
{
  "model": "taggit.taggeditem",
  "pk": 204,
  "fields": {
    "tag": 18,
    "content_type": 8,
    "object_id": 76
  }
},
{
  "model": "taggit.taggeditem",
  "pk": 205,
  "fields": {
    "tag": 20,
    "content_type": 8,
    "object_id": 25
  }
},
{
  "model": "taggit.taggeditem",
  "pk": 206,
  "fields": {
    "tag": 18,
    "content_type": 8,
    "object_id": 82
  }
},
{
  "model": "taggit.taggeditem",
  "pk": 207,
  "fields": {
    "tag": 24,
    "content_type": 17,
    "object_id": 1
  }
},
{
  "model": "taggit.taggeditem",
  "pk": 208,
  "fields": {
    "tag": 21,
    "content_type": 17,
    "object_id": 1
  }
},
{
  "model": "taggit.taggeditem",
  "pk": 209,
  "fields": {
    "tag": 23,
    "content_type": 17,
    "object_id": 1
  }
},
{
  "model": "taggit.taggeditem",
  "pk": 213,
  "fields": {
    "tag": 29,
    "content_type": 17,
    "object_id": 9
  }
},
{
  "model": "social_django.usersocialauth",
  "pk": 1,
  "fields": {
    "user": 2,
    "provider": "github",
    "uid": "121165911",
    "extra_data": "{\"auth_time\": 1689842865, \"id\": 121165911, \"expires\": null, \"login\": \"madmanRE\", \"access_token\": \"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\", \"token_type\": \"bearer\"}",
    "created": "2023-07-13T11:39:55.204Z",
    "modified": "2023-07-20T08:47:45.747Z"
  }
},
{
  "model": "social_django.usersocialauth",
  "pk": 2,
  "fields": {
    "user": 3,
    "provider": "vk-oauth2",
    "uid": "559149309",
    "extra_data": "{\"auth_time\": 1689842779, \"id\": 559149309, \"expires\": 86400, \"access_token\": \"vk1.a.7U_XyIkQV6TuxNnNT_44yJ0D99EVxh9zdanktojnkbbioWRTpnHdyKS09VtQflT0NTpTyiist-5PgsiMXS0Oj97InR7R-EGAKNzsb0QqPZMWFuWp6Eb6124brijGHZFpX-qHSgEv3ZL-Jz5RniZaemSuqtLlcOUUcPjd90nNGdMm0bdNA4qBGm4sBsSf-m64\", \"token_type\": null}",
    "created": "2023-07-13T14:16:00.064Z",
    "modified": "2023-07-20T08:46:19.301Z"
  }
}
]
